url,status,title,published_raw,published_iso,description
https://www.startribune.com/christian-walker-homers-twice-to-lead-astros-over-rockies-4-3/601463556/,request_failed,,,,
https://www.startribune.com/how-major-us-stock-indexes-fared-thursday-8282025/601463555/,request_failed,,,,
https://www.startribune.com/packers-qb-jordan-love-expects-to-wear-brace-on-surgically-repaired-left-thumb-for-start-of-season/601463454/,request_failed,,,,
https://www.startribune.com/killing-of-unitedhealthcare-ceo-has-inspired-followers-prosecutors-say/601463453/,request_failed,,,,
https://www.startribune.com/federal-judge-blocks-trump-administration-from-removing-voice-of-america-director/601463432/,request_failed,,,,
https://www.startribune.com/at-34-zach-kittley-is-taking-over-as-faus-new-coach-its-a-tall-order/601463399/,request_failed,,,,
https://www.startribune.com/former-mlb-star-mark-teixeira-announces-bid-for-us-house-seat-in-texas/601463390/,request_failed,,,,
https://www.startribune.com/refsnyder-homers-in-return-from-il-red-sox-sweep-orioles-with-3-2-win/601463385/,request_failed,,,,
https://www.startribune.com/myanmars-military-government-declares-karen-ethnic-rebels-a-terrorist-group-as-elections-loom/601463384/,request_failed,,,,
https://www.startribune.com/alabama-towns-first-black-mayor-who-had-been-locked-out-of-office-wins-election/601463378/,request_failed,,,,
https://www.startribune.com/messis-emotional-farewell-argentina-star-to-play-last-home-world-cup-qualifier/601463377/,request_failed,,,,
https://www.startribune.com/shooter-fired-116-rounds-from-a-rifle-into-a-minneapolis-church-police-chief-says/601463376/,request_failed,,,,
https://www.startribune.com/judge-throws-out-campaign-finance-lawsuit-between-republican-rivals-in-georgia-governors-race/601463375/,request_failed,,,,
https://www.startribune.com/border-patrol-operation-at-wildfire-in-washington-state-sparks-criticism/601463372/,request_failed,,,,
https://www.startribune.com/salmonella-outbreak-tied-to-recalled-eggs-has-sickened-95-people-since-january/601463351/,request_failed,,,,
https://www.startribune.com/argentinas-libertarian-president-goes-on-defense-as-a-corruption-scandal-spreads/601463342/,request_failed,,,,
https://www.startribune.com/pilot-killed-when-f-16-jet-crashes-during-preparations-for-a-polish-air-show/601463341/,request_failed,,,,
https://www.startribune.com/prosecutors-suddenly-drop-case-against-miami-attorney-accused-of-bribing-dea-agents/601463340/,request_failed,,,,
https://www.startribune.com/departures-roil-the-cdc-leadership-whats-next-for-the-agency/601463336/,request_failed,,,,
https://www.startribune.com/vikings-smith-recovering-from-personal-health-matter-thats-not-a-long-term-absence-ap-source-says/601463335/,request_failed,,,,
https://www.startribune.com/tesla-sales-plunge-again-in-europe-as-anger-at-musk-keeps-buyers-away-for-7th-month-in-a-row/601463329/,request_failed,,,,
https://www.startribune.com/espn-replaces-doris-burke-with-tim-legler-for-nba-finals-coverage/601463325/,request_failed,,,,
https://www.startribune.com/the-packers-hope-to-contend-for-the-super-bowl-it-starts-with-being-better-in-their-division/601463322/,request_failed,,,,
https://www.startribune.com/780000-pressure-washers-are-under-recall-after-some-consumers-report-explosions-and-impact-injuries/601463321/,request_failed,,,,
https://www.startribune.com/official-campaigns-kick-off-in-tanzania-as-main-opposition-leader-remains-in-custody/601463307/,request_failed,,,,
https://www.startribune.com/us-best-sellers-books-pw/601463297/,request_failed,,,,
https://www.startribune.com/canada-and-india-name-new-top-envoys-as-they-restore-relations-after-a-dispute/601463293/,request_failed,,,,
https://www.startribune.com/vikings-turn-to-untested-mccarthy-at-qb-after-rookie-year-knee-injury-kept-him-out-of-14-win-season/601463292/,request_failed,,,,
https://www.startribune.com/music-review-hayley-williams-fierce-ego-death-at-a-bachelorette-party-is-her-best-solo-work/601463288/,request_failed,,,,
https://www.startribune.com/phoenix-suns-minority-owners-sue-mat-ishbia-alleging-mismanagement-and-lack-of-transparency/601463284/,request_failed,,,,
https://www.startribune.com/brazils-crackdown-on-criminal-links-to-fuel-supply-chain-nets-220m-in-assets/601463283/,request_failed,,,,
https://www.startribune.com/un-food-agency-chief-says-women-and-children-are-starving-in-gaza-and-pressed-netanyahu-on-aid/601463278/,request_failed,,,,
https://www.startribune.com/isolated-amazon-tribe-seen-near-logging-bridge-site-alarming-rights-group/601463271/,request_failed,,,,
https://www.startribune.com/atlanta-journal-constitution-to-stop-printing-as-it-transitions-to-all-digital-news/601463269/,request_failed,,,,
https://www.startribune.com/chiefs-brace-for-rashee-rice-s-six-game-suspension-with-deep-wide-receiver-roster/601463260/,request_failed,,,,
https://www.startribune.com/south-africa-commissions-an-inequality-report-for-g20-summit/601463252/,request_failed,,,,
https://www.startribune.com/trump-fires-democratic-member-of-surface-transportation-board-ahead-of-huge-rail-merger-decision/601463248/,request_failed,,,,
https://www.startribune.com/judges-rule-tennessees-gun-limits-in-parks-and-playgrounds-are-unconstitutional/601463247/,request_failed,,,,
https://www.startribune.com/fatal-wildfire-on-cyprus-caused-by-carelessly-discarded-cigarette-report-finds/601463246/,request_failed,,,,
https://www.startribune.com/departing-cdc-officials-say-monarezs-firing-was-the-final-straw-and-political-meddling-is-a-problem/601463225/,request_failed,,,,
https://www.startribune.com/un-votes-unanimously-to-terminate-its-peacekeeping-force-in-lebanon-at-the-end-of-2026-after-nearly-5-decades/601463220/,request_failed,,,,
https://www.startribune.com/average-rate-on-a-30-year-mortgage-slips-to-10-month-low/601463217/,request_failed,,,,
https://www.startribune.com/the-average-rate-on-a-30-year-mortgage-fell-to-656-this-week-freddie-mac-says-a-10-month-low/601463216/,request_failed,,,,
https://www.startribune.com/vine-wins-mountain-stage-in-andorra-vingegaard-loses-spanish-vuelta-lead/601463205/,request_failed,,,,
https://www.startribune.com/georgia-stuns-defending-champion-spain-83-69-at-eurobasket/601463200/,request_failed,,,,
https://www.startribune.com/lebanese-official-disarmament-of-palestinian-camps-could-pave-way-for-new-refugee-rights/601463197/,request_failed,,,,
https://www.startribune.com/what-polling-shows-about-trumps-pivot-from-immigration-to-crime/601463193/,request_failed,,,,
https://www.startribune.com/cyclist-chris-froome-stable-but-having-surgery-after-training-crash-in-france/601463192/,request_failed,,,,
https://www.startribune.com/taliban-blames-pakistan-for-airstrikes-that-kill-3-people-and-wound-7/601463190/,request_failed,,,,
https://www.startribune.com/swiss-prosecutors-end-10-year-fifa-case-against-blatter-and-platini/601463175/,request_failed,,,,
https://www.startribune.com/japan-uses-ai-generated-eruption-of-mount-fuji-to-prepare-tokyo-for-worst-case-scenario/601463162/,request_failed,,,,
https://www.startribune.com/photos-show-highlights-from-the-venice-film-festival/601463142/,request_failed,,,,
https://www.startribune.com/all-nato-members-projected-to-hit-old-spending-target-with-just-three-set-to-meet-new-goal/601463141/,request_failed,,,,
https://www.startribune.com/director-warns-that-the-van-gogh-museum-may-close-if-the-dutch-government-doesnt-help-fund-repairs/601463137/,request_failed,,,,
https://www.startribune.com/champions-league-heavyweights-and-newcomers-await-slate-of-opponents-at-draw/601463136/,request_failed,,,,
https://www.startribune.com/sycamore-partners-finishes-deal-to-take-drugstore-chain-walgreens-private/601463133/,request_failed,,,,
https://www.startribune.com/israeli-airstrikes-hit-yemeni-capital-houthis-say/601463111/,request_failed,,,,
https://www.startribune.com/disputed-ballots-could-swing-outcome-of-union-election-at-ev-battery-complex-in-kentucky/601463108/,request_failed,,,,
https://www.startribune.com/houthi-media-office-says-israeli-airstrikes-have-hit-the-yemeni-capital-sanaa-amid-high-tensions-in-the-region/601463107/,request_failed,,,,
https://www.startribune.com/france-germany-and-the-united-kingdom-start-the-snapback-process-that-can-reimpose-un-nuclear-sanctions-on-iran/601463100/,request_failed,,,,
https://www.startribune.com/trump-administration-asks-military-base-outside-chicago-for-support-on-immigration-operations/601463099/,request_failed,,,,
https://www.startribune.com/trump-administration-asks-military-base-outside-chicago-for-support-on-immigration-operations-base-says/601463092/,request_failed,,,,
https://www.startribune.com/judge-wont-halt-closure-of-alligator-alcatraz-immigration-detention-center-in-florida-everglades/601463075/,request_failed,,,,
https://www.startribune.com/what-to-know-after-the-us-deports-more-migrants-to-africa/601463074/,request_failed,,,,
https://www.startribune.com/judge-wont-halt-closure-of-alligator-alcatraz-immigration-detention-center-in-the-florida-everglades/601463072/,request_failed,,,,
https://www.startribune.com/fed-gov-lisa-cook-sues-trump-administration-to-block-her-attempted-firing/601463067/,request_failed,,,,
https://www.startribune.com/fed-gov-lisa-cook-sues-trump-administration-to-block-her-attempted-firing-launching-unprecedented-legal-fight/601463066/,request_failed,,,,
https://www.startribune.com/japan-says-security-ties-with-the-uk-at-a-new-level-as-aircraft-carrier-arrives-in-tokyo/601463060/,request_failed,,,,
https://www.startribune.com/the-treasury-department-wants-us-banks-to-monitor-for-suspected-chinese-money-laundering-networks/601463059/,request_failed,,,,
https://www.startribune.com/gun-used-in-emmett-tills-lynching-is-displayed-in-a-museum-70-years-after-his-murder/601463056/,request_failed,,,,
https://www.startribune.com/need-a-vacation-imagine-how-us-open-tennis-players-feel-during-their-long-season/601463055/,request_failed,,,,
https://www.startribune.com/a-look-into-the-bleak-house-auction-items-guillermo-del-toro-had-the-hardest-time-letting-go-of/601463050/,request_failed,,,,
https://www.startribune.com/melting-makeup-sweaty-tuxes-and-overheating-guests-are-shifting-summer-weddings/601463049/,request_failed,,,,
https://www.startribune.com/guillermo-del-toro-almost-lost-his-movie-memorabilia-in-a-wildfire-now-hes-letting-some-of-it-go/601463040/,request_failed,,,,
https://www.startribune.com/photo-essay-20-years-after-hurricane-katrina-these-then-and-now-photos-show-the-power-of-place/601463039/,request_failed,,,,
https://www.startribune.com/for-yorgos-lanthimos-new-emma-stone-film-bugonia-isnt-a-dystopia-its-real/601463037/,request_failed,,,,
https://www.startribune.com/the-latest-white-house-says-cdc-director-is-fired-agency-leaders-resign/601463036/,request_failed,,,,
https://www.startribune.com/us-diplomat-apologizes-for-using-the-word-animalistic-in-reference-to-lebanese-reporters/601463024/,request_failed,,,,
https://www.startribune.com/us-applications-for-jobless-benefits-fell-last-week-as-layoffs-remain-low/601463011/,request_failed,,,,
https://www.startribune.com/takeaways-gambias-fishermen-are-caught-in-a-sea-war-with-foreign-vessels/601463010/,request_failed,,,,
https://www.startribune.com/a-sea-war-brews-off-gambia-as-desperate-local-fishermen-attack-foreign-vessels-and-each-other/601463008/,request_failed,,,,
https://www.startribune.com/us-economy-grows-33-in-second-quarter-government-says-in-second-estimate-of-april-june-growth/601463007/,request_failed,,,,
https://www.startribune.com/us-applications-for-jobless-benefits-fell-last-week-as-most-employers-held-onto-their-workers/601463006/,request_failed,,,,
https://www.startribune.com/the-us-economy-rebounded-with-33-april-june-growth-the-government-says-an-upgrade-of-its-first-estimate/601463005/,request_failed,,,,
https://www.startribune.com/photo-highlights-from-the-first-and-second-rounds-at-the-us-open/601463004/,request_failed,,,,
https://www.startribune.com/deion-sanders-calls-for-paying-players-who-reach-the-playoff-and-saban-supports-the-proposal/601463003/,request_failed,,,,
https://www.startribune.com/a-solid-quarter-at-best-buy-overshadowed-by-outlook-grown-cloudy-with-tariffs/601463002/,request_failed,,,,
https://www.startribune.com/americas-nicest-judge-frank-caprio-to-be-honored-at-public-memorial-services-in-rhode-island/601462998/,request_failed,,,,
https://www.startribune.com/ap-top-25-quarterbacks-clashes-and-storylines-to-know-heading-into-week-1/601462997/,request_failed,,,,
https://www.startribune.com/italian-women-fight-back-against-websites-sharing-unauthorized-photos-with-obscene-language/601462995/,request_failed,,,,
https://www.startribune.com/mystery-surrounds-12-billion-army-contract-to-build-huge-detention-tent-camp-in-texas-desert/601462994/,request_failed,,,,
https://www.startribune.com/what-to-know-about-cranberries-produced-for-thanksgiving-and-the-bogs-being-restored-to-wetlands/601462993/,request_failed,,,,
https://www.startribune.com/massachusetts-cranberry-bogs-are-being-given-a-second-life-as-vibrant-wetlands/601462992/,request_failed,,,,
https://www.startribune.com/young-players-have-questions-at-the-us-open-billie-jean-king-always-has-answers/601462991/,request_failed,,,,
https://www.startribune.com/iranian-diplomat-warns-it-will-make-no-sense-for-tehran-to-work-with-nuclear-inspectors-if-un-sanctions-are-reimposed/601462990/,request_failed,,,,
https://www.startribune.com/sudans-rapid-support-forces-shell-a-besieged-darfur-city-killing-24-and-wounding-55-group-says/601462989/,request_failed,,,,
https://www.startribune.com/main-highway-from-damascus-to-sweida-reopens-to-aid-convoys-weeks-after-violence/601462988/,request_failed,,,,
https://www.startribune.com/japanese-officials-apologize-at-grave-of-wrongfully-detained-man-denied-timely-cancer-treatment/601462987/,request_failed,,,,
https://www.startribune.com/european-commission-summons-russia-s-top-diplomat-in-brussels-over-attack-that-damaged-european-union-building-in-kyiv/601462986/,request_failed,,,,
https://www.startribune.com/rwanda-says-7-deportees-arrived-from-the-us-in-august-under-agreement-with-washington/601462985/,request_failed,,,,
https://www.startribune.com/uk-actor-micheal-ward-granted-bail-over-rape-and-sexual-assault-charges/601462984/,request_failed,,,,
https://www.startribune.com/ohio-state-opening-national-title-defense-against-texas-highlights-first-week-of-big-ten-season/601462983/,request_failed,,,,
https://www.startribune.com/switzerland-s-top-court-upholds-islamic-scholar-tariq-ramadan-s-conviction-for-rape-sexual-coercion/601462982/,request_failed,,,,
https://www.startribune.com/online-age-checks-are-proliferating-but-so-are-concerns-they-curtail-internet-freedom/601462981/,request_failed,,,,
https://www.startribune.com/nigeria-bans-exports-of-raw-shea-nuts-used-for-cosmetic-products-to-help-grow-local-economy/601462980/,request_failed,,,,
https://www.startribune.com/floods-affect-12-million-displace-nearly-250000-in-eastern-pakistan/601462979/,request_failed,,,,
https://www.startribune.com/irans-rial-currency-falls-to-near-record-lows-on-european-snapback-sanctions-threat/601462978/,request_failed,,,,
https://www.startribune.com/a-look-at-the-travels-of-north-koreas-kim-jong-un-who-visits-china-next-week/601462977/,request_failed,,,,
https://www.startribune.com/japans-chief-trade-envoy-postpones-us-trip-as-tokyo-calls-for-faster-action-on-its-tariffs-deal/601462976/,request_failed,,,,
https://www.startribune.com/today-in-history-august-28-mlk-delivers-i-have-a-dream-speech/601462974/,request_failed,,,,
https://www.startribune.com/brewers-play-the-diamondbacks-with-2-1-series-lead/601462973/,request_failed,,,,
https://www.startribune.com/one-tech-tip-ditch-the-chatbots-and-take-your-ai-nature-apps-on-a-birdwatching-hike/601462972/,request_failed,,,,
https://www.startribune.com/photos-show-recent-russian-drone-and-missile-attack-on-kyiv/601462971/,request_failed,,,,
https://www.startribune.com/forget-philly-locals-and-tourists-chow-down-on-moose-and-reindeer-cheesesteaks-in-northern-sweden/601462970/,request_failed,,,,
https://www.startribune.com/winning-numbers-drawn-in-wednesdays-powerball/601462969/,request_failed,,,,
https://www.startribune.com/shohei-ohtani-gets-more-unpredictable-with-his-pitches-and-earns-his-1st-win-for-the-dodgers/601462968/,request_failed,,,,
https://www.startribune.com/asian-shares-are-mixed-after-us-stocks-creep-higher-ahead-of-nvidia-earnings-report/601462966/,request_failed,,,,
https://www.startribune.com/morales-pitches-7-sharp-innings-and-gelof-powers-as-past-tigers-7-0-for-3-game-sweep/601462965/,request_failed,,,,
https://www.startribune.com/hundreds-honor-2-children-killed-and-17-people-wounded-in-shooting-at-a-minneapolis-catholic-school/601462937/,request_failed,,,,
https://www.startribune.com/winning-numbers-drawn-in-wednesdays-wisconsin-all-or-nothing/601462933/,request_failed,,,,
https://www.startribune.com/winning-numbers-drawn-in-wednesdays-wisconsin-pick-4/601462932/,request_failed,,,,
https://www.startribune.com/winning-numbers-drawn-in-wednesdays-wisconsin-megabucks/601462931/,request_failed,,,,
https://www.startribune.com/winning-numbers-drawn-in-wednesdays-wisconsin-badger-5/601462930/,request_failed,,,,
https://www.startribune.com/winning-numbers-drawn-in-wednesdays-wisconsin-pick-3/601462929/,request_failed,,,,
https://www.startribune.com/rafael-devers-hits-two-of-san-franciscos-four-home-runs-giants-power-past-cubs-12-3/601462928/,request_failed,,,,
https://www.startribune.com/robot-rabbits-the-latest-tool-in-florida-battle-to-control-invasive-burmese-pythons-in-everglades/601462927/,request_failed,,,,
https://www.startribune.com/abcs-robin-roberts-retraces-her-post-hurricane-katrina-journey-back-to-hometown/601462926/,request_failed,,,,
https://www.startribune.com/venice-film-festival-heats-up-with-george-clooney-emma-stone-premieres/601462925/,request_failed,,,,
https://www.startribune.com/minneapolis-catholic-schoolchildren-listened-to-a-prayer-then-ducked-for-cover-from-gunfire/601462924/,request_failed,,,,
https://www.startribune.com/al-sharpton-to-lead-pro-dei-march-through-wall-street-on-anniversary-of-the-1963-march-on-washington/601462922/,request_failed,,,,
https://www.startribune.com/florida-to-put-man-to-death-for-a-triple-murder-in-record-11th-execution-this-year/601462921/,request_failed,,,,
https://www.startribune.com/shohei-ohtani-gets-first-victory-with-dodgers-striking-out-season-high-9-against-reds/601462920/,request_failed,,,,
https://www.startribune.com/climate-change-made-deadly-wildfires-in-turkey-greece-and-cyprus-more-fierce-study-finds/601462918/,request_failed,,,,
https://www.startribune.com/nolan-mclean-makes-mets-history-and-continues-to-provide-much-needed-boost/601462914/,request_failed,,,,
https://www.startribune.com/final-arguments-in-publisher-jimmy-lais-national-security-trial-conclude-in-hong-kong/601462913/,request_failed,,,,
https://www.startribune.com/lionel-messi-scores-twice-as-inter-miami-beats-orlando-city-3-1-in-leagues-cup-semis/601462911/,request_failed,,,,
https://www.startribune.com/russian-attack-kills-3-and-injures-12-in-ukraines-capital/601462909/,request_failed,,,,
https://www.startribune.com/authorities-say-at-least-three-people-killed-and-12-injured-in-mass-russian-missile-and-drone-attack-on-kyiv-ukraine/601462908/,request_failed,,,,
https://www.startribune.com/rangers-get-trio-of-3-run-homers-and-seager-goes-deep-in-20-3-blowout-of-angels/601462907/,request_failed,,,,
https://www.startribune.com/perez-leads-royals-to-12-1-rout-of-white-sox-and-moves-into-3rd-place-on-franchise-rbi-list/601462903/,request_failed,,,,
https://www.startribune.com/alexander-perdomo-homer-to-help-the-diamondbacks-beat-the-brewers-3-2/601462902/,request_failed,,,,
https://www.startribune.com/alvarez-and-valdez-help-the-astros-knock-off-the-rockies-4-0/601462901/,request_failed,,,,
https://www.startribune.com/leila-lacan-scores-22-and-connecticut-posts-101-95-win-over-wings-playing-without-bueckers/601462900/,request_failed,,,,
https://www.startribune.com/phams-two-run-single-lifts-pirates-over-cardinals-2-1/601462899/,request_failed,,,,
https://www.startribune.com/north-korean-leader-kim-jong-un-will-attend-a-military-parade-in-beijing-next-week/601462894/,request_failed,,,,
https://www.startribune.com/addison-barger-hits-go-ahead-double-in-8th-as-blue-jays-rally-to-beat-twins-9-8/601462893/,request_failed,,,,
https://www.startribune.com/north-korean-leader-kim-jong-un-to-attend-military-parade-in-beijing-next-week-north-korean-and-chinese-state-media-say/601462891/,request_failed,,,,
https://www.startribune.com/jaguars-rookie-and-new-father-travis-hunter-is-rolling-full-speed-toward-season-opener/601462888/,request_failed,,,,
https://www.startribune.com/wilsons-34-youngs-triple-double-help-aces-beat-dream-91-85-for-12th-straight-win/601462886/,request_failed,,,,
https://www.startribune.com/mclean-goes-8-innings-as-mets-blank-phillies-6-0-for-3-game-sweep/601462885/,request_failed,,,,
https://www.startribune.com/guard-not-needed-in-chicago-pritzker-tells-ap-during-tour-of-city-to-counter-trump-s-crime-claims/601462872/,request_failed,,,,
https://www.startribune.com/winning-numbers-drawn-in-wednesday-s-minnesota-pick-3/601462871/,request_failed,,,,
https://www.startribune.com/winning-numbers-drawn-in-wednesdays-minnesota-north-5/601462870/,request_failed,,,,
https://www.startribune.com/winning-numbers-drawn-in-wednesdays-minnesota-gopher-5/601462868/,request_failed,,,,
https://www.startribune.com/ceddanne-rafaela-hits-a-2-run-homer-in-the-ninth-to-rally-the-red-sox-past-the-orioles-3-2/601462864/,request_failed,,,,
https://www.startribune.com/pro-palestinian-protesters-say-they-were-attacked-by-egyptian-officials-now-theyre-facing-charges/601462863/,request_failed,,,,
https://www.startribune.com/what-we-know-about-the-shooter-who-killed-2-and-wounded-17-in-minneapolis/601462854/,request_failed,,,,
https://www.startribune.com/lb-nick-niemann-finds-new-home-in-green-bay-after-getting-cut-by-texans/601462822/,request_failed,,,,
https://www.startribune.com/un-security-council-to-vote-on-ending-peacekeeping-mission-in-lebanon-on-dec-31-2026/601462820/,request_failed,,,,
https://www.startribune.com/dispatcher-shakes-it-off-after-announcing-taylor-swift-and-travis-kelces-engagement-over-scanner/601462819/,request_failed,,,,
https://www.startribune.com/daniil-medvedev-is-fined-42500-for-unsportsmanlike-conduct-and-racket-abuse-for-us-open-outburst/601462807/,request_failed,,,,
https://www.startribune.com/judge-orders-new-trial-for-alabama-man-who-has-been-on-death-row-for-31-years/601462806/,request_failed,,,,
https://www.startribune.com/ousted-cdc-director-says-she-was-targeted-for-protecting-the-public-over-serving-a-political-agenda/601462805/,request_failed,,,,
https://www.startribune.com/suarez-hits-3-run-homer-and-mariners-beat-padres-4-3-to-win-series/601462803/,request_failed,,,,
https://www.startribune.com/jury-awards-more-than-dollar2-million-to-protester-shot-in-face-with-nonlethal-projectile/601462801/,request_failed,,,,
https://www.startribune.com/us-open-foes-taylor-townsend-and-jelena-ostapenko-get-into-a-tense-back-and-forth-after-match/601462780/,request_failed,,,,
https://www.startribune.com/cardi-b-testifies-she-didnt-touch-security-guard-whos-suing-her-alleging-assault/601462773/,request_failed,,,,
https://www.startribune.com/ben-johnsons-departure-for-bears-from-champ-lions-keeps-nfc-north-rivalries-roaring/601462767/,request_failed,,,,
https://www.startribune.com/jake-dickert-is-set-for-his-wake-forest-debut-its-the-latest-stop-in-his-winding-coaching-journey/601462766/,request_failed,,,,
https://www.startribune.com/florida-cfo-subpoenas-county-workers-for-not-cooperating-with-state-doge-efforts/601462765/,request_failed,,,,
https://www.startribune.com/louisiana-urges-supreme-court-to-bar-use-of-race-in-redistricting-in-attack-on-voting-rights-act/601462764/,request_failed,,,,
https://www.startribune.com/teen-who-shot-colombian-presidential-hopeful-sentenced-to-7-years-at-youth-detention-facility/601462760/,request_failed,,,,
https://www.startribune.com/california-murder-suspect-arrested-in-peru-after-wifes-body-was-found-dumped-in-forest-near-la/601462755/,request_failed,,,,
https://www.startribune.com/cdc-director-susan-monarez-is-out-after-less-than-one-month-on-the-job-federal-officials-say/601462754/,request_failed,,,,
https://www.startribune.com/susan-monarez-is-out-as-cdc-director-after-less-than-a-month-hhs-announces/601462748/,request_failed,,,,
https://www.startribune.com/ntsb-says-b-52-bomber-nearly-hit-two-different-planes-in-north-dakota-last-month/601462747/,request_failed,,,,
https://www.startribune.com/new-jerseys-massive-american-dream-mall-sued-for-selling-clothes-on-a-sunday/601462742/,request_failed,,,,
https://www.startribune.com/colts-gm-believes-qb-anthony-richardson-will-still-be-a-part-of-teams-future/601462740/,request_failed,,,,
https://www.startribune.com/mexico-says-its-suspending-postal-shipments-to-the-us-over-latest-tariff-confusion/601462739/,request_failed,,,,
https://www.startribune.com/ravens-make-kyle-hamilton-the-nfls-highest-paid-safety-with-a-4-year-1004-million-extension/601462734/,request_failed,,,,
https://www.startribune.com/amish-woman-accused-of-killing-her-4-year-old-son-by-throwing-him-into-an-ohio-lake/601462729/,request_failed,,,,
https://www.startribune.com/novak-djokovic-is-trying-to-solve-riddles-at-the-us-open-but-is-back-in-the-3rd-round/601462728/,request_failed,,,,
https://www.startribune.com/man-united-loses-on-penalties-to-4th-division-team-grimsby-town-in-league-cup/601462727/,request_failed,,,,
https://www.startribune.com/manchester-united-loses-on-penalties-to-fourth-division-club-grimsby-town-in-the-second-round-of-english-league-cup/601462725/,request_failed,,,,
https://www.startribune.com/protesters-throw-rocks-at-argentine-president-mileis-convoy-while-he-campaigns/601462724/,request_failed,,,,
https://www.startribune.com/a-look-at-nvidias-latest-results-and-its-prominence-in-the-stock-market-by-the-numbers/601462718/,request_failed,,,,
https://www.startribune.com/postal-services-that-suspended-us-shipments-need-time-to-prepare-for-new-tariffs-un-agency-says/601462717/,request_failed,,,,
https://www.startribune.com/missing-new-orleans-boy-drowned-after-blunt-force-trauma-by-an-alligator/601462706/,request_failed,,,,
https://www.startribune.com/fact-focus-rural-hospitals-are-expected-to-lose-money-from-trumps-bill-despite-rfk-jrs-promise/601462705/,request_failed,,,,
https://www.startribune.com/brewers-sign-veteran-pitcher-erick-fedde-and-place-all-star-closer-trevor-megill-on-injured-list/601462704/,request_failed,,,,
https://www.startribune.com/harry-kanes-late-goal-lifts-shaky-bayern-past-3rd-division-wiesbaden-in-german-cup/601462687/,request_failed,,,,
https://www.startribune.com/cdc-dramatically-scales-back-program-that-tracks-food-poisoning-infections/601462686/,request_failed,,,,
https://www.startribune.com/how-major-us-stock-indexes-fared-wednesday-8272025/601462685/,request_failed,,,,
https://www.startribune.com/indiana-legislative-leaders-met-privately-with-trump-to-discuss-redistricting/601462684/,request_failed,,,,
https://www.startribune.com/kyle-manzardo-delivers-as-the-guardians-beat-the-rays-4-3-in-10-innings/601462683/,request_failed,,,,
https://www.startribune.com/nvidias-quarterly-sales-profit-top-analyst-forecasts-but-stock-slides-amid-fears-of-artificial-intelligence-bubble/601462673/,request_failed,,,,
https://www.startribune.com/georgias-fulton-county-fined-10000-a-day-for-not-appointing-republican-election-board-nominees/601462672/,request_failed,,,,
https://www.startribune.com/yankees-hit-4-home-runs-in-a-9-run-inning-to-rout-nationals-11-2/601462668/,request_failed,,,,
https://www.startribune.com/ozzie-albies-homers-again-as-the-atlanta-braves-beat-the-miami-marlins-12-1/601462663/,request_failed,,,,
https://www.startribune.com/in-dc-a-heated-standoff-between-police-neighbors-shows-unease-amid-trumps-law-enforcement-surge/601462662/,request_failed,,,,
https://www.startribune.com/former-puerto-rico-governor-wanda-vazquez-pleads-guilty-to-campaign-finance-violation/601462658/,request_failed,,,,
https://www.startribune.com/journalists-final-images-show-the-gaza-hospital-stairwell-where-she-was-killed-by-an-israeli-strike/601462644/,request_failed,,,,
https://www.startribune.com/hamlins-cup-title-quest-begins-as-antitrust-battle-with-nascar-heats-up/601462604/,request_failed,,,,
https://www.startribune.com/book-review-in-all-this-could-be-yours-a-novelist-on-book-tour-is-stalked-by-a-stranger/601462603/,request_failed,,,,
https://www.startribune.com/what-to-know-about-cracker-barrels-logo-misfire-and-what-could-happen-next/601462536/,request_failed,,,,
https://www.startribune.com/nfl-eases-restrictions-on-tom-bradys-role-as-fox-sports-analyst/601462535/,request_failed,,,,
https://www.startribune.com/fbi-director-says-minneapolis-shooting-being-investigated-as-domestic-terrorism-and-hate-crime-targeting-catholics/601462531/,request_failed,,,,
https://www.startribune.com/california-crew-arrested-for-hundreds-of-home-depot-thefts-worth-10m-police-say/601462525/,request_failed,,,,
https://www.startribune.com/federal-officials-investigate-the-discovery-of-cremated-human-remains-in-nevada-desert/601462518/,request_failed,,,,
https://www.startribune.com/missing-baby-in-california-likely-died-from-ongoing-parental-abuse-prosecutor-says/601462517/,request_failed,,,,
https://www.startribune.com/pro-dei-organizers-fired-up-to-maintain-target-boycott-as-promises-go-unfulfilled/601462478/,request_failed,,,,
https://www.startribune.com/judge-questions-if-spanish-language-journalist-can-stay-in-immigration-detention-without-charges/601462469/,request_failed,,,,
https://www.startribune.com/good-wood-mlb-hitters-cutting-down-on-strikeouts-even-in-age-of-increased-velocity/601462468/,request_failed,,,,
https://www.startribune.com/novak-djokovic-drops-1st-set-to-a-qualifier-but-advances-to-3rd-round-of-us-open/601462463/,request_failed,,,,
https://www.startribune.com/ford-recalls-more-than-355000-pickup-trucks-over-instrument-display-failure-on-the-dashboard/601462462/,request_failed,,,,
https://www.startribune.com/why-getting-a-covid-19-vaccine-is-likely-to-be-more-complicated-this-year/601462457/,request_failed,,,,
https://www.startribune.com/movie-review-murder-she-solved-helen-mirren-channels-angela-lansbury-in-thursday-murder-club/601462419/,request_failed,,,,
https://www.startribune.com/south-african-politician-criticized-by-trump-is-found-guilty-of-hate-speech/601462417/,request_failed,,,,
https://www.startribune.com/shooting-in-minneapolis-is-the-latest-carnage-at-a-us-school-or-college-over-the-past-25-years/601462415/,request_failed,,,,
https://www.startribune.com/no-5-seed-jack-draper-withdraws-from-the-us-open-with-an-injury/601462414/,request_failed,,,,
https://www.startribune.com/tay-and-trav-just-the-latest-athlete-celebrity-couple-to-hear-wedding-bells-here-are-some-others/601462410/,request_failed,,,,
https://www.startribune.com/1-year-in-prison-for-us-border-agent-accused-of-ordering-women-to-show-their-breasts/601462409/,request_failed,,,,
https://www.startribune.com/a-deadly-florida-truck-crash-has-fueled-an-immigration-fight-heres-what-to-know/601462408/,request_failed,,,,
https://www.startribune.com/turkey-beats-host-latvia-in-their-eurobasket-opener-portugal-gets-1st-win-in-18-years/601462405/,request_failed,,,,
https://www.startribune.com/ap-reporters-reflect-on-hurricane-katrina-20-years-later/601462394/,request_failed,,,,
https://www.startribune.com/more-records-from-uvalde-texas-school-shooting-are-being-released-after-law-firm-error/601462389/,request_failed,,,,
https://www.startribune.com/a-mississippi-citys-tax-break-spurred-post-katrina-building-but-will-homes-stand-the-next-storm/601462378/,request_failed,,,,
https://www.startribune.com/photos-from-a-minneapolis-catholic-school-where-a-shooter-killed-praying-children/601462343/,request_failed,,,,
https://www.startribune.com/democrats-eye-new-presidential-primary-calendar-in-2028-with-south-carolinas-top-spot-in-jeopardy/601462342/,request_failed,,,,
https://www.startribune.com/what-to-know-about-the-shooting-at-a-minneapolis-catholic-school/601462340/,request_failed,,,,
https://www.startribune.com/fda-approves-updated-pfizer-covid-shots-but-limits-access-for-some-kids-and-adults/601462334/,request_failed,,,,
https://www.startribune.com/us-health-officials-approve-pfizers-updated-covid-19-shot-but-with-limits-for-many-adults-and-children/601462333/,request_failed,,,,
https://www.startribune.com/turkey-s-erdogan-unveils-steel-dome-air-defense-system/601462329/,request_failed,,,,
https://www.startribune.com/besieged-city-in-sudan-has-become-an-epicentre-of-child-suffering-unicef-warns/601462326/,request_failed,,,,
https://www.startribune.com/un-official-says-all-hope-is-gone-if-israeli-offensive-on-famine-stricken-gaza-city-goes-ahead/601462325/,request_failed,,,,
https://www.startribune.com/top-florida-official-says-alligator-alcatraz-will-likely-be-empty-within-days-email-shows/601462317/,request_failed,,,,
https://www.startribune.com/an-email-shared-with-the-associated-press-shows-alligator-alcatraz-will-likely-be-empty-within-days/601462316/,request_failed,,,,
https://www.startribune.com/kirkus-prize-finalists-include-angela-flournoy-kiran-desai-and-megha-majumdar/601462305/,request_failed,,,,
https://www.startribune.com/chiefs-wr-rashee-rice-is-suspended-6-games-by-nfl-person-familiar-with-decision-tells-ap/601462304/,request_failed,,,,
https://www.startribune.com/chiefs-receiver-rashee-rice-will-be-suspended-six-games-by-the-nfl-a-person-familiar-with-the-discipline-tells-the-ap/601462301/,request_failed,,,,
https://www.startribune.com/photos-of-pets-in-dorms-colleges-are-welcoming-animals-to-help-students-feel-at-home/601462295/,request_failed,,,,
https://www.startribune.com/as-business-of-college-football-booms-the-chiefs-bet-big-on-nebraska-cincinnati-game-in-kansas-city/601462294/,request_failed,,,,
https://www.startribune.com/movie-review-in-the-roses-benedict-cumberbatch-and-olivia-colman-make-a-love-story-dark/601462293/,request_failed,,,,
https://www.startribune.com/european-leaders-go-to-moldova-to-mark-its-independence-day-ahead-of-a-key-election/601462291/,request_failed,,,,
https://www.startribune.com/movie-review-in-caught-stealing-a-crime-caper-in-90s-new-york-starring-austin-butler/601462290/,request_failed,,,,
https://www.startribune.com/minneapolis-police-say-a-shooting-at-a-catholic-school-has-left-three-dead-including-the-shooter-and-17-injured/601462285/,request_failed,,,,
https://www.startribune.com/minneapolis-mayor-says-children-are-dead-after-a-shooting-at-a-catholic-school/601462272/,request_failed,,,,
https://www.startribune.com/youtube-tv-subscribers-may-lose-access-to-fox-content-including-sports-due-to-contract-dispute/601462271/,request_failed,,,,
https://www.startribune.com/wisconsin-tries-to-bounce-back-from-2024-collapse-as-it-hosts-miami-ohio-in-season-opener/601462259/,request_failed,,,,
https://www.startribune.com/matthew-caldwell-leaving-cup-champion-panthers-becoming-ceo-of-timberwolves-and-lynx/601462256/,request_failed,,,,
https://www.startribune.com/minnesota-opens-the-season-at-home-against-buffalo-as-a-17-point-favorite/601462252/,request_failed,,,,
https://www.startribune.com/the-latest-minneapolis-catholic-school-shooter-has-been-contained-city-government-says/601462247/,request_failed,,,,
https://www.startribune.com/ryder-cup-captain-keegan-bradley-leaves-himself-off-the-us-team-for-bethpage-black/601462246/,request_failed,,,,
https://www.startribune.com/a-minneapolis-hospital-says-it-is-treating-five-children-injured-from-a-shooting-at-a-catholic-school/601462224/,request_failed,,,,
https://www.startribune.com/prosecutors-fail-to-indict-sandwich-thrower-in-trumps-washington-public-safety-operation/601462219/,request_failed,,,,
https://www.startribune.com/trumps-administration-again-appeals-to-the-supreme-court-over-his-foreign-aid-funding-freeze/601462216/,request_failed,,,,
https://www.startribune.com/ncaa-considers-rule-requiring-athletes-to-disclose-nil-deals-from-high-school-junior-college/601462201/,request_failed,,,,
https://www.startribune.com/why-cadillac-f1s-american-dream-doesnt-include-an-american-driver/601462198/,request_failed,,,,
https://www.startribune.com/authorities-in-minneapolis-say-school-shooter-has-been-contained-and-is-no-longer-an-active-threat-to-community/601462197/,request_failed,,,,
https://www.startribune.com/enhanced-games-no-drug-testing-file-800-million-lawsuit-against-critics/601462189/,request_failed,,,,
https://www.startribune.com/minnesota-governor-says-a-shooting-has-occurred-at-a-minneapolis-school/601462184/,request_failed,,,,
https://www.startribune.com/democrat-catelin-dreys-victory-in-iowa-special-election-breaks-gop-supermajority/601462181/,request_failed,,,,
https://www.startribune.com/ryder-cup-decision-day-for-keegan-bradley-should-he-bring-his-clubs-to-bethpage-black/601462180/,request_failed,,,,
https://www.startribune.com/minnesota-governor-says-a-shooting-has-occurred-at-a-school-calls-it-a-horrific-act-of-violence/601462179/,request_failed,,,,
https://www.startribune.com/winning-numbers-drawn-in-tuesdays-mega-millions/601462176/,request_failed,,,,
https://www.startribune.com/vikings-bring-back-veteran-thielen-for-wr-depth-in-trade-with-panthers-ap-source-says/601462172/,request_failed,,,,
https://www.startribune.com/takeaways-from-aps-reporting-on-venezuelans-daily-struggles-to-access-food/601462170/,request_failed,,,,
https://www.startribune.com/australia-canada-and-philippines-stage-air-defense-drills-off-disputed-shoal-guarded-by-china/601462169/,request_failed,,,,
https://www.startribune.com/nonalcoholic-beer-and-mocktails-can-help-people-stay-sober-or-drink-less-but-are-not-for-everyone/601462166/,request_failed,,,,
https://www.startribune.com/photos-show-revelers-taking-part-in-tomatina-the-tomato-throwing-festival-in-spain/601462153/,request_failed,,,,
https://www.startribune.com/us-open-tennis-champs-alcaraz-federer-and-nadal-love-golf-golfers-say-the-tennis-stars-have-game/601462146/,request_failed,,,,
https://www.startribune.com/kilmar-abrego-garcias-lawyers-say-he-wants-to-seek-asylum-in-the-united-states/601462145/,request_failed,,,,
https://www.startribune.com/kilmar-abrego-garcias-lawyers-say-he-wants-to-seek-asylum-in-the-united-states/601462143/,request_failed,,,,
https://www.startribune.com/florida-cities-race-to-save-rainbow-crosswalks-as-the-states-deadlines-for-removal-loom/601462139/,request_failed,,,,
https://www.startribune.com/photo-essay-millions-of-venezuelans-struggle-with-food-insecurity/601462134/,request_failed,,,,
https://www.startribune.com/trump-extends-control-over-washington-by-taking-management-of-union-station-away-from-amtrak/601462128/,request_failed,,,,
https://www.startribune.com/trump-extends-control-over-washington-by-taking-management-of-union-station-away-from-amtrak/601462127/,request_failed,,,,
https://www.startribune.com/israeli-attacks-on-gaza-are-beyond-the-principle-of-proportionality-italys-meloni-says/601462126/,request_failed,,,,
https://www.startribune.com/pac-12-secures-extension-of-tv-deal-with-the-cw-for-football-and-basketball/601462124/,request_failed,,,,
https://www.startribune.com/for-many-families-every-meal-is-a-struggle-in-venezuela-s-economic-crisis/601462123/,request_failed,,,,
https://www.startribune.com/the-colorado-river-is-in-trouble-some-groups-want-the-government-to-step-up/601462122/,request_failed,,,,
https://www.startribune.com/tons-of-overripe-tomatoes-become-projectiles-in-spains-tomatina-food-fight/601462121/,request_failed,,,,
https://www.startribune.com/heres-a-look-at-why-it-is-so-hard-to-end-the-war-in-gaza/601462119/,request_failed,,,,
https://www.startribune.com/the-latest-trump-connections-accused-of-covert-influence-operations-in-greenland/601462118/,request_failed,,,,
https://www.startribune.com/russian-forces-break-into-another-region-of-ukraine-with-peace-efforts-stuck/601462117/,request_failed,,,,
https://www.startribune.com/coco-gauff-is-trying-a-new-service-motion-at-the-us-open-in-a-bid-to-double-fault-less-and-win-more/601462113/,request_failed,,,,
https://www.startribune.com/unions-seek-broader-foothold-in-the-south-as-workers-vote-at-an-ev-battery-plant-in-kentucky/601462112/,request_failed,,,,
https://www.startribune.com/college-football-picks-no-1-texas-no-3-ohio-st-is-the-main-event-on-tantalizing-slate-of-games/601462111/,request_failed,,,,
https://www.startribune.com/us-deportation-flights-hit-record-highs-as-carriers-try-to-hide-the-planes-advocates-say/601462109/,request_failed,,,,
https://www.startribune.com/denmark-and-greenland-apologize-to-inuit-women-over-forced-contraception-in-the-past/601462108/,request_failed,,,,
https://www.startribune.com/emboldened-democrats-are-starting-to-push-back-on-trumps-immigration-plans/601462107/,request_failed,,,,
https://www.startribune.com/turkish-police-seize-jewels-and-antiques-worth-30m-in-raid-at-istanbuls-historic-grand-bazaar/601462106/,request_failed,,,,
https://www.startribune.com/pope-demands-end-to-collective-punishment-and-forced-displacement-of-palestinians-in-gaza/601462104/,request_failed,,,,
https://www.startribune.com/germany-launches-drive-to-add-military-recruits-without-conscription-for-now/601462103/,request_failed,,,,
https://www.startribune.com/jaguars-acquire-receiver-tim-patrick-from-lions-for-a-6th-round-draft-pick-ap-source-says/601462102/,request_failed,,,,
https://www.startribune.com/woman-seeks-compensation-from-south-korea-over-her-forced-adoption-to-france-in-1984/601462101/,request_failed,,,,
https://www.startribune.com/handling-crime-a-strength-for-trump-as-many-in-us-see-a-major-problem-in-big-cities-ap-norc-poll/601462099/,request_failed,,,,
https://www.startribune.com/handling-crime-is-a-strength-for-trump-as-most-americans-see-it-as-a-major-problem-in-large-cities-ap-norc-poll-finds/601462098/,request_failed,,,,
https://www.startribune.com/a-royal-pardon-frees-a-thai-woman-serving-a-43-year-prison-term-for-defaming-the-monarchy/601462097/,request_failed,,,,
https://www.startribune.com/edmunds-five-big-mistakes-you-need-to-avoid-before-buying-your-next-new-car/601462096/,request_failed,,,,
https://www.startribune.com/trump-will-chair-a-meeting-on-postwar-gaza-as-hospitals-report-10-killed-by-strikes/601462095/,request_failed,,,,
https://www.startribune.com/israeli-drone-strikes-kill-6-syrian-soldiers-in-damascus-suburb-reports-say/601462094/,request_failed,,,,
https://www.startribune.com/trumps-intel-stake-sparks-cries-of-socialism-from-his-party-but-he-vows-more-deals-are-coming/601462091/,request_failed,,,,
https://www.startribune.com/melbourne-man-charged-over-synagogue-arson-linked-to-iran/601462090/,request_failed,,,,
https://www.startribune.com/flash-floods-leave-32-dead-in-indian-controlled-kashmir-as-over-150000-are-displaced-in-punjab/601462089/,request_failed,,,,
https://www.startribune.com/today-in-history-august-27-catastrophic-eruption-of-krakatoa/601462088/,request_failed,,,,
https://www.startribune.com/denmark-summons-us-envoy-after-report-of-americans-carrying-out-influence-operations-in-greenland/601462087/,request_failed,,,,
https://www.startribune.com/diamondbacks-take-3-game-losing-streak-into-matchup-against-the-brewers/601462086/,request_failed,,,,
https://www.startribune.com/denmark-summons-top-us-diplomat-after-report-of-americans-carrying-out-influence-operations-in-greenland/601462085/,request_failed,,,,
https://www.startribune.com/blue-jays-play-the-twins-after-springers-4-hit-game/601462084/,request_failed,,,,
https://www.startribune.com/bolivian-court-orders-the-release-of-a-prominent-right-wing-opposition-leader/601462083/,request_failed,,,,
https://www.startribune.com/security-forces-agents-kills-13-militants-in-southeast-iran/601462082/,request_failed,,,,
https://www.startribune.com/passenger-bus-crash-in-afghanistan-kills-25-people/601462081/,request_failed,,,,
https://www.startribune.com/minnesota-hosts-seattle-following-colliers-32-point-showing/601462080/,request_failed,,,,
https://www.startribune.com/hernaiz-draws-walk-off-walk-athletics-beat-tigers-7-6-in-10-innings/601462079/,request_failed,,,,
https://www.startribune.com/ukrainian-drone-attacks-on-oil-refineries-have-some-russian-regions-running-on-empty/601462077/,request_failed,,,,
https://www.startribune.com/asian-shares-post-modest-gains-after-wall-street-nears-more-records/601462076/,request_failed,,,,
https://www.startribune.com/nvidias-quarterly-report-will-gauge-the-temperature-of-the-ai-craze/601462075/,request_failed,,,,
https://www.startribune.com/dodgers-winning-streak-continues-behind-clayton-kershaw-against-reds/601462074/,request_failed,,,,
https://www.startribune.com/laureano-s-grand-slam-powers-padres-past-mariners/601462073/,request_failed,,,,
https://www.startribune.com/thomas-sets-wnba-single-season-record-with-7-triple-doubles-as-the-mercury-beat-the-sparks-92-84/601462072/,request_failed,,,,
https://www.startribune.com/justin-verlander-wins-first-home-game-since-joining-giants-as-san-francisco-beats-cubs-5-2/601462071/,request_failed,,,,
https://www.startribune.com/heavy-rain-causes-flooding-landslides-and-8-deaths-in-vietnam-and-thailand/601462070/,request_failed,,,,
https://www.startribune.com/argentina-probes-artwork-allegedly-looted-by-nazi-fugitive-that-surfaced-in-real-estate-ad/601462069/,request_failed,,,,
https://www.startribune.com/india-braces-for-export-shock-as-us-tariffs-take-effect/601462068/,request_failed,,,,
https://www.startribune.com/photos-of-red-legged-frog-which-conservationists-are-working-to-restore-to-its-california-habitat/601462067/,request_failed,,,,
https://www.startribune.com/the-call-of-a-native-frog-is-heard-again-in-southern-california-thanks-to-help-from-mexico-and-ai/601462066/,request_failed,,,,
https://www.startribune.com/trumps-push-to-oust-feds-lisa-cook-unites-anti-dei-effort-bid-to-control-independent-institutions/601462065/,request_failed,,,,
https://www.startribune.com/at-some-colleges-move-in-day-includes-students-dogs-and-cats/601462064/,request_failed,,,,
https://www.startribune.com/trump-administration-is-investing-in-us-rare-earths-in-a-push-to-break-chinas-grip/601462063/,request_failed,,,,
https://www.startribune.com/venice-film-festival-kicks-off-with-paolo-sorrentinos-la-grazia/601462062/,request_failed,,,,
https://www.startribune.com/isaac-collins-sacrifice-fly-lifts-brewers-past-diamondbacks-9-8-after-blowing-6-run-lead/601462060/,request_failed,,,,
https://www.startribune.com/massey-isbel-get-run-scoring-hits-in-9th-as-royals-rally-to-beat-white-sox-5-4/601462059/,request_failed,,,,
https://www.startribune.com/goodman-homers-moniak-drives-in-3-as-rockies-snap-4-game-skid-with-6-1-win-over-astros/601462058/,request_failed,,,,
https://www.startribune.com/nimmo-and-alonso-lead-mets-past-phillies-6-5-after-helsleys-latest-flop/601462057/,request_failed,,,,
https://www.startribune.com/corbin-shines-seager-hits-20th-homer-as-rangers-beat-angels-7-3/601462056/,request_failed,,,,
https://www.startribune.com/cyberattack-shuts-down-nevada-state-offices-and-websites-governors-office-says/601462048/,request_failed,,,,
https://www.startribune.com/editorial-roundup-united-states/601462016/,request_failed,,,,
https://www.startribune.com/henry-davis-bryan-reynolds-help-power-pirates-past-cardinals-8-3/601462011/,request_failed,,,,
https://www.startribune.com/some-fema-staff-are-put-on-leave-after-signing-dissent-letter/601462009/,request_failed,,,,
https://www.startribune.com/gasper-hits-tying-homer-in-9th-wallner-adds-winning-blast-as-twins-rally-to-beat-blue-jays-7-5/601462008/,request_failed,,,,
https://www.startribune.com/some-fema-employees-who-signed-public-letter-of-dissent-are-put-on-administrative-leave/601462007/,request_failed,,,,
https://www.startribune.com/coco-gauffs-1st-match-with-a-new-serve-coach-at-the-us-open-is-a-struggle-but-also-a-win/601462005/,request_failed,,,,
https://www.startribune.com/stanton-hits-451-foot-homer-drives-in-5-runs-as-yankees-beat-nationals-5-1/601462003/,request_failed,,,,
https://www.startribune.com/albies-hits-2-hrs-braves-uses-9-run-9th-to-beat-marlins-11-2/601461999/,request_failed,,,,
https://www.startribune.com/prosecutors-seek-seven-year-prison-term-for-wife-of-ex-sen-bob-menendez/601461998/,request_failed,,,,
https://www.startribune.com/fever-beat-the-storm-95-75-to-move-into-6th-in-wnba-standings/601461964/,request_failed,,,,
https://www.startribune.com/messick-pitches-7-shutout-innings-as-guardians-beat-rays-3-0/601461963/,request_failed,,,,
https://www.startribune.com/giolitos-sharp-outing-and-homers-from-story-hamilton-lead-red-sox-to-5-0-win-over-orioles/601461960/,request_failed,,,,
https://www.startribune.com/microsoft-protesters-occupy-presidents-office-as-company-reviews-its-work-with-israels-military/601461951/,request_failed,,,,
https://www.startribune.com/white-sox-center-fielder-luis-robert-jr-leaves-game-vs-royals-due-to-left-hamstring-soreness/601461948/,request_failed,,,,
https://www.startribune.com/australian-police-identify-suspect-in-fatal-shooting-of-officers-as-manhunt-enters-second-day/601461945/,request_failed,,,,
https://www.startribune.com/excerpts-from-the-aps-interview-with-james-cameron/601461944/,request_failed,,,,
https://www.startribune.com/latest-launch-of-spacexs-starship-completes-first-ever-payload-deployment-of-8-dummy-satellites/601461942/,request_failed,,,,
https://www.startribune.com/photos-show-people-fleeing-flooding-in-kashmir-after-weeks-of-intense-rain-in-the-region/601461941/,request_failed,,,,
https://www.startribune.com/local-dc-cases-are-landing-in-federal-courts-a-judge-says-the-results-are-problematic/601461917/,request_failed,,,,
https://www.startribune.com/trouble-in-paradise-kapalua-to-close-dying-pga-tour-course-for-2-months-amid-maui-water-dispute/601461908/,request_failed,,,,
https://www.startribune.com/cracker-barrel-relents-says-its-old-logo-will-return/601461894/,request_failed,,,,
https://www.startribune.com/day-keeping-simple-approach-for-sayin-as-no-3-ohio-state-prepares-to-host-top-ranked-texas/601461887/,request_failed,,,,
https://www.startribune.com/24-decomposing-bodies-removed-from-colorado-funeral-home-investigators-say/601461886/,request_failed,,,,
https://www.startribune.com/fbi-agents-who-had-accused-bureau-of-politicization-during-biden-administration-reach-settlements/601461853/,request_failed,,,,
https://www.startribune.com/police-in-haiti-regain-control-of-key-telecom-hub-seized-by-gangs/601461846/,request_failed,,,,
https://www.startribune.com/venezuela-will-deploy-military-vessels-to-caribbean-and-other-waters-to-combat-drug-trafficking/601461845/,request_failed,,,,
https://www.startribune.com/katy-perry-testifies-that-shes-seeking-justice-at-trial-over-15-million-mansion/601461838/,request_failed,,,,
https://www.startribune.com/trump-asks-court-to-toss-remaining-civil-fraud-penalties-after-getting-his-massive-fine-thrown-out/601461837/,request_failed,,,,
https://www.startribune.com/cardinals-wilson-contreras-gets-6-game-suspension-for-on-field-tirade-and-plans-to-appeal/601461835/,request_failed,,,,
https://www.startribune.com/venus-williams-will-compete-in-womens-doubles-at-the-us-open-with-2021-finalist-leylah-fernandez/601461834/,request_failed,,,,
https://www.startribune.com/venus-williams-to-compete-in-women-s-doubles-at-the-us-open-with-2021-finalist-leylah-fernandez/601461831/,request_failed,,,,
https://www.startribune.com/colombia-says-villagers-taking-orders-from-rebel-groups-kidnapped-34-soldiers/601461827/,request_failed,,,,
https://www.startribune.com/texas-election-map-for-2026-are-racially-biased-voting-rights-advocates-say-in-lawsuit/601461823/,request_failed,,,,
https://www.startribune.com/winning-numbers-drawn-in-mondays-powerball/601461822/,request_failed,,,,
https://www.startribune.com/stuttgart-squeezes-past-eintracht-braunschweig-8-7-on-penalties-to-start-german-cup-title-defense/601461813/,request_failed,,,,
https://www.startribune.com/trumps-law-enforcement-surge-is-alienating-dc-residents-senior-officers-say/601461807/,request_failed,,,,
https://www.startribune.com/kilmar-abrego-garcia-is-back-in-jail-and-facing-deportation-heres-what-to-know/601461785/,request_failed,,,,
https://www.startribune.com/book-authors-settle-copyright-lawsuit-with-ai-company-anthropic/601461784/,request_failed,,,,
https://www.startribune.com/champions-league-coming-to-kazakhstan-and-northern-norway-after-almaty-and-bodoglimt-advance/601461780/,request_failed,,,,
https://www.startribune.com/utah-enters-the-redistricting-battle-for-2026-but-not-by-choice-heres-what-to-know/601461777/,request_failed,,,,
https://www.startribune.com/wisconsin-missing-kayaker-who-faked-his-own-death-is-sentenced-to-89-days-in-jail/601461773/,request_failed,,,,
https://www.startribune.com/rangers-pitcher-nathan-eovaldis-career-best-season-likely-over-because-of-rotator-cuff-strain/601461772/,request_failed,,,,
https://www.startribune.com/minnesota-woman-charged-for-using-racial-slur-against-black-child-as-her-fundraising-tops-800000/601461771/,request_failed,,,,
https://www.startribune.com/lisa-cook-is-latest-target-for-bill-pulte-trumps-housing-regulator/601461770/,request_failed,,,,
https://www.startribune.com/csx-railroads-merger-prospects-derail-as-bnsf-and-cpkc-make-clear-they-arent-interested-in-a-deal/601461766/,request_failed,,,,
https://www.startribune.com/photos-of-week-three-of-washington-s-federal-takeover-as-troops-on-patrol-start-carrying-guns/601461765/,request_failed,,,,
https://www.startribune.com/father-of-slain-colombian-candidate-miguel-uribe-launches-presidential-bid/601461754/,request_failed,,,,
https://www.startribune.com/taylor-swift-and-travis-kelces-love-story-from-friendship-bracelets-to-engagement-rings/601461723/,request_failed,,,,
https://www.startribune.com/lil-nas-x-says-arrest-and-jail-time-were-terrifying/601461720/,request_failed,,,,
https://www.startribune.com/tim-armstead-a-west-virginia-supreme-court-justice-and-former-house-speaker-dies-at-60/601461719/,request_failed,,,,
https://www.startribune.com/travis-hunter-meet-koi-perich-the-minnesota-sophomore-might-be-footballs-next-multi-position-star/601461717/,request_failed,,,,
https://www.startribune.com/trumps-order-on-flag-burning-could-return-the-question-to-the-supreme-court/601461705/,request_failed,,,,
https://www.startribune.com/wimbledon-champions-jannik-sinner-and-iga-swiatek-get-off-to-good-starts-at-the-us-open/601461698/,request_failed,,,,
https://www.startribune.com/swift-start-iga-swiatek-easily-wins-at-us-open-but-shes-here-to-talk-about-taylor-and-travis/601461696/,request_failed,,,,
https://www.startribune.com/how-major-us-stock-indexes-fared-tuesday-8262025/601461695/,request_failed,,,,
https://www.startribune.com/pop-tarts-and-diamond-rings-travis-kelce-and-taylor-swifts-engagement-rips-through-chiefs-practice/601461690/,request_failed,,,,
https://www.startribune.com/after-trumps-doge-action-300-million-peoples-social-security-data-is-at-risk-whistleblower-says/601461685/,request_failed,,,,
https://www.startribune.com/trumps-threat-to-deploy-troops-to-chicago-sparks-fear-and-defiance-in-a-city-on-edge/601461680/,request_failed,,,,
https://www.startribune.com/simon-schuster-ceo-jonathan-karp-steps-down-to-launch-new-imprint/601461679/,request_failed,,,,
https://www.startribune.com/pulisic-back-on-us-roster-for-september-friendlies-after-skipping-concacaf-gold-cup/601461675/,request_failed,,,,
https://www.startribune.com/concerns-mount-over-health-of-belarusian-journalist-sentenced-to-3-12-years-in-prison/601461674/,request_failed,,,,
https://www.startribune.com/brittany-mahomes-the-nfl-and-donald-trump-among-those-praising-swift-and-kelces-engagement/601461671/,request_failed,,,,
https://www.startribune.com/trump-saying-600000-chinese-students-could-come-to-the-us-draws-maga-backlash/601461668/,request_failed,,,,
https://www.startribune.com/deal-to-restructure-puerto-rico-power-company-debt-crumbles-as-some-bondholders-walk-away/601461650/,request_failed,,,,
https://www.startribune.com/researcher-who-has-distorted-voted-data-appointed-to-homeland-security-election-integrity-role/601461641/,request_failed,,,,
https://www.startribune.com/taylor-swift-stuns-with-vintage-inspired-engagement-ring-designed-by-kindred-lubeck/601461637/,request_failed,,,,
https://www.startribune.com/switching-schools-doesnt-mean-switching-conferences-for-some-qbs/601461636/,request_failed,,,,
https://www.startribune.com/parents-of-missing-7-month-old-california-boy-are-charged-with-murder/601461616/,request_failed,,,,
https://www.startribune.com/bolivias-long-ruling-party-was-almost-eliminated-from-congress-final-vote-results-show/601461615/,request_failed,,,,
https://www.startribune.com/scientists-wonder-if-lake-superior-can-continue-to-avoid-an-invasion-of-mussels/601461612/,request_failed,,,,
https://www.startribune.com/spate-of-hoax-calls-about-active-shooters-stir-fear-at-college-campuses-around-the-us/601461611/,request_failed,,,,
https://www.startribune.com/judge-rejects-cuomos-attempt-to-make-texts-in-harassment-lawsuit-public-as-he-runs-for-nyc-mayor/601461608/,request_failed,,,,
https://www.startribune.com/daily-life-on-a-remote-amazon-island-goes-on-despite-diplomatic-dispute/601461593/,request_failed,,,,
https://www.startribune.com/democratic-leaders-look-to-derail-trump-as-he-threatens-to-send-national-guard-to-more-cities/601461592/,request_failed,,,,
https://www.startribune.com/two-years-in-photos-of-taylor-swift-and-travis-kelce-now-engaged/601461582/,request_failed,,,,
https://www.startribune.com/a-kansas-city-kansas-police-officer-has-died-after-being-struck-by-a-fleeing-driver/601461581/,request_failed,,,,
https://www.startribune.com/firefighters-try-to-corral-california-forest-blaze-as-lightning-strikes-bring-risk-of-new-ignitions/601461572/,request_failed,,,,
https://www.startribune.com/a-new-toxic-avenger-emerges-from-the-ooze/601461561/,request_failed,,,,
https://www.startribune.com/orthodox-archbishop-apologizes-to-anyone-pained-by-his-meeting-with-putin/601461556/,request_failed,,,,
https://www.startribune.com/new-york-liberty-aim-for-top-four-playoff-seed-as-stars-return-from-injuries/601461555/,request_failed,,,,
https://www.startribune.com/federal-judge-allows-case-against-wisconsin-judge-hannah-dugan-to-proceed/601461549/,request_failed,,,,
https://www.startribune.com/james-cameron-on-two-decades-of-making-avatar-and-the-future-he-sees-for-movies/601461544/,request_failed,,,,
https://www.startribune.com/4-key-decisions-for-early-retirement/601461540/,request_failed,,,,
https://www.startribune.com/democratic-leaders-withdraw-measure-clarifying-the-party-position-on-the-israel-hamas-war/601461535/,request_failed,,,,
https://www.startribune.com/taylor-swift-and-travis-kelce-are-engaged-the-culmination-of-a-2-year-romance-between-the-superstar-and-nfl-champion/601461523/,request_failed,,,,
https://www.startribune.com/taylor-swift-and-travis-kelce-are-engaged/601461522/,request_failed,,,,
https://www.startribune.com/oregon-zoo-owner-indicted-on-more-than-300-animal-neglect-charges/601461517/,request_failed,,,,
https://www.startribune.com/a-look-at-uganda-the-east-african-nation-where-the-us-is-set-to-deport-abrego-garcia/601461513/,request_failed,,,,
https://www.startribune.com/owners-of-upstate-new-york-dog-boarding-facility-charged-in-deaths-of-21-dogs/601461498/,request_failed,,,,
https://www.startribune.com/serie-a-judge-seeks-more-information-in-case-of-racist-abuse-directed-at-juventus-weston-mckennie/601461497/,request_failed,,,,
https://www.startribune.com/rhode-island-prosecutor-put-on-unpaid-leave-after-warning-youre-gonna-regret-this-during-arrest/601461493/,request_failed,,,,
https://www.startribune.com/road-rage-shooting-of-pregnant-17-year-old-in-louisiana-sparks-outrage-from-officials/601461475/,request_failed,,,,
https://www.startribune.com/trump-family-crypto-empire-expands-with-cryptocom-partnership/601461460/,request_failed,,,,
https://www.startribune.com/us-audiobooks-top-10/601461452/,request_failed,,,,
https://www.startribune.com/ncaa-partners-with-venmo-to-assist-athletes-who-face-harassment-on-the-payment-app/601461436/,request_failed,,,,
https://www.startribune.com/trump-s-attempt-to-fire-fed-governor-lisa-cook-is-likely-to-lead-to-a-major-legal-battle/601461435/,request_failed,,,,
https://www.startribune.com/dozens-wounded-as-israel-raids-west-bank-city-where-the-palestinian-authority-is-headquartered/601461434/,request_failed,,,,
https://www.startribune.com/apple-tv-app-top-movies/601461429/,request_failed,,,,
https://www.startribune.com/apple-podcasts-top-new-shows/601461428/,request_failed,,,,
https://www.startribune.com/us-apple-books-top-10/601461427/,request_failed,,,,
https://www.startribune.com/israels-military-says-its-strike-on-gaza-hospital-was-aimed-at-what-it-claimed-was-a-hamas-surveillance-camera/601461426/,request_failed,,,,
https://www.startribune.com/vingegaard-concedes-lead-to-gaudu-on-tiebreaker-rule-as-turner-wins-4th-stage-of-spanish-vuelta/601461419/,request_failed,,,,
https://www.startribune.com/inquiry-into-former-trump-prosecutor-jack-smith-is-based-on-imaginary-premise-lawyers-say/601461411/,request_failed,,,,
https://www.startribune.com/keegan-bradley-makes-the-right-decision-only-if-the-americans-win-the-ryder-cup/601461391/,request_failed,,,,
https://www.startribune.com/woman-who-hurled-racial-slurs-at-child-in-park-charged-with-misdemeanors/601461387/,ok,Rochester woman who hurled racial slurs at child in park will be charged,2025-08-26T22:09:04.441Z,2025-08-26T22:09:04.441000,Shiloh Hendrix repeatedly used racist language at a Rochester park in a video that went viral.
https://www.startribune.com/trump-claims-to-have-ended-the-war-in-congo-people-there-say-thats-not-true/601461385/,request_failed,,,,
https://www.startribune.com/court-orders-pennsylvania-to-stop-throwing-out-mail-ballots-over-the-handwritten-date/601461384/,request_failed,,,,
https://www.startribune.com/german-court-convicts-teen-for-supporting-plot-to-attack-taylor-swift-concerts-in-vienna/601461383/,request_failed,,,,
https://www.startribune.com/tommy-devito-is-the-latest-quarterback-being-released-as-teams-must-trim-rosters-to-53/601461379/,request_failed,,,,
https://www.startribune.com/what-to-know-about-lisa-cook-the-fed-governor-who-trump-says-he-s-firing/601461374/,request_failed,,,,
https://www.startribune.com/authorities-charge-afghan-suspect-in-munich-car-ramming-attack-that-killed-2-and-injured-44/601461372/,request_failed,,,,
https://www.startribune.com/court-throws-out-lawsuit-by-trump-administration-against-all-maryland-federal-judges/601461365/,request_failed,,,,
https://www.startribune.com/court-throws-out-a-lawsuit-by-the-trump-administration-against-all-maryland-federal-judges-over-immigration-order/601461364/,request_failed,,,,
https://www.startribune.com/venice-film-festival-set-to-begin-as-activists-hope-to-shift-the-spotlight-to-gaza/601461359/,request_failed,,,,
https://www.startribune.com/devon-walker-exits-snl-as-lorne-michaels-hints-at-more-changes/601461358/,request_failed,,,,
https://www.startribune.com/us-open-honors-althea-gibson-for-breaking-the-color-barrier-in-tennis-75-years-ago/601461354/,request_failed,,,,
https://www.startribune.com/what-shoppers-can-do-to-limit-charges-once-the-us-ends-a-tariff-exemption-for-goods-under-800/601461347/,request_failed,,,,
https://www.startribune.com/august-consumer-confidence-dips-in-us-with-jobs-tariffs-and-high-prices-driving-most-unease/601461346/,request_failed,,,,
https://www.startribune.com/woman-gets-three-years-in-prison-for-role-creating-bogus-documents-in-feeding-our-future-fraud-plot/601461344/,ok,Woman gets three years in prison for role creating bogus documents in Feeding Our Future fraud plot,2025-08-26T22:42:42.170Z,2025-08-26T22:42:42.170000,Another defendant also pleaded guilty to his charges Tuesday in the massive scheme to defraud a federal child nutrition program.
https://www.startribune.com/thailand-arrests-buddhist-monk-over-alleged-embezzlement-linked-to-aids-hospice-he-founded/601461341/,request_failed,,,,
https://www.startribune.com/americans-view-on-the-us-economy-declined-in-august-with-anxiety-over-jobs-rising-for-the-eighth-consecutive-month/601461336/,request_failed,,,,
https://www.startribune.com/a-us-tariff-exemption-for-small-orders-ends-friday-its-a-big-deal-to-some-shoppers-and-businesses/601461332/,request_failed,,,,
https://www.startribune.com/melania-trump-invites-k-12-students-to-participate-in-nationwide-ai-challenge-contest/601461331/,request_failed,,,,
https://www.startribune.com/suspect-arrested-in-knife-attack-on-american-on-a-tram-in-germany/601461328/,request_failed,,,,
https://www.startribune.com/att-snatches-up-wireless-spectrum-licenses-from-echostar-for-23-billion/601461325/,request_failed,,,,
https://www.startribune.com/the-coast-guard-seized-a-record-76000-pounds-of-drugs-this-summer-off-central-and-south-america/601461315/,request_failed,,,,
https://www.startribune.com/jeremy-allen-white-on-taking-a-leap-of-faith-to-play-springsteen-in-deliver-me-from-nowhere/601461309/,request_failed,,,,
https://www.startribune.com/trump-vows-retaliation-against-countries-with-digital-rules-targeting-us-tech/601461298/,request_failed,,,,
https://www.startribune.com/masters-to-take-winners-of-six-national-opens-and-eliminate-invitations-to-pga-tour-fall-winners/601461286/,request_failed,,,,
https://www.startribune.com/takeaways-from-scientists-on-the-trump-administrations-work-on-climate-change-and-public-health/601461285/,request_failed,,,,
https://www.startribune.com/scientists-give-harsh-grades-to-trump-administration-work-aimed-at-undoing-a-key-climate-finding/601461283/,request_failed,,,,
https://www.startribune.com/trump-threatens-some-california-washington-new-mexico-funding-over-enforcing-trucker-english-rules/601461282/,request_failed,,,,
https://www.startribune.com/masters-to-take-winners-of-six-national-opens-and-eliminate-invitations-to-pga-tour-fall-winners/601461281/,request_failed,,,,
https://www.startribune.com/the-latest-fed-governor-wont-leave-saying-trump-lacks-authority-to-fire-her/601461276/,request_failed,,,,
https://www.startribune.com/uks-hard-right-reform-party-says-it-will-mass-deport-migrants-if-it-wins-power/601461271/,request_failed,,,,
https://www.startribune.com/paraguay-is-fighting-to-preserve-guarani-a-language-of-roots-and-soul/601461269/,request_failed,,,,
https://www.startribune.com/another-french-prime-minister-could-be-toppled-more-political-instability-is-ahead/601461268/,request_failed,,,,
https://www.startribune.com/bones-found-at-japanese-mine-accident-site-where-korean-forced-laborers-died-in-wwii/601461267/,request_failed,,,,
https://www.startribune.com/cadillac-f1-team-shuts-down-rumors-about-christian-horner/601461266/,request_failed,,,,
https://www.startribune.com/cadillac-picks-bottas-and-perez-for-f1-debut-in-2026-prioritizing-experience-over-american-drivers/601461265/,request_failed,,,,
https://www.startribune.com/cadillac-picks-veteran-formula-1-drivers-valtteri-bottas-and-sergio-perez-for-debut-season-bypassing-an-american-driver/601461264/,request_failed,,,,
https://www.startribune.com/the-189-palestinian-journalists-killed-in-the-war-in-gaza-endured-hunger-and-grief/601461263/,request_failed,,,,
https://www.startribune.com/the-rise-of-starbucks-pumpkin-spice-latte-by-the-numbers/601461262/,request_failed,,,,
https://www.startribune.com/researchers-uncover-stone-age-settlement-submerged-by-rising-sea-levels-in-denmark/601461261/,request_failed,,,,
https://www.startribune.com/men-charged-with-hugging-and-kissing-are-among-group-publicly-caned-by-indonesian-islamic-court/601461260/,request_failed,,,,
https://www.startribune.com/why-trump-is-railing-against-the-senate-s-blue-slip-tradition-for-nominees/601461259/,request_failed,,,,
https://www.startribune.com/what-to-know-about-irans-revolutionary-guard/601461258/,request_failed,,,,
https://www.startribune.com/protesters-in-israel-demand-release-of-hostages-as-gaza-strikes-kill-16-hospitals-say/601461257/,request_failed,,,,
https://www.startribune.com/us-envoy-saudi-arabia-qatar-to-invest-in-lebanon-economic-zone-for-disarmed-hezbollah/601461256/,request_failed,,,,
https://www.startribune.com/tropical-storms-juliette-and-fernand-churn-over-open-waters-in-2-oceans/601461255/,request_failed,,,,
https://www.startribune.com/from-happy-gilmore-2-to-action-star-boban-marjanovics-hollywood-dreams/601461254/,request_failed,,,,
https://www.startribune.com/startup-womens-leagues-on-the-rise-fueled-by-popularity-of-womens-sports-but-will-they-last/601461253/,request_failed,,,,
https://www.startribune.com/youre-planting-your-brand-flag-the-power-of-brand-building-in-the-womens-sports-boom/601461252/,request_failed,,,,
https://www.startribune.com/protests-erupt-in-sri-lankas-capital-over-the-arrest-of-ex-president-wickremesinghe/601461251/,request_failed,,,,
https://www.startribune.com/former-labor-union-leader-elected-as-lithuanias-new-prime-minister-after-predecessor-quit/601461250/,request_failed,,,,
https://www.startribune.com/ugandan-opposition-figures-question-deal-to-receive-deportees-from-the-us/601461249/,request_failed,,,,
https://www.startribune.com/today-in-history-august-26-de-gaulle-leads-victory-march-through-paris/601461247/,request_failed,,,,
https://www.startribune.com/beach-on-a-budget-greeks-settle-for-day-trips-priced-out-of-iconic-destinations/601461246/,request_failed,,,,
https://www.startribune.com/study-says-ai-chatbots-inconsistent-in-handling-suicide-related-queries/601461245/,request_failed,,,,
https://www.startribune.com/diamondbacks-play-the-brewers-looking-to-stop-road-skid/601461244/,request_failed,,,,
https://www.startribune.com/twins-look-to-stop-3-game-road-slide-play-the-blue-jays/601461243/,request_failed,,,,
https://www.startribune.com/2-police-officers-killed-and-another-shot-in-a-rural-australian-town/601461242/,request_failed,,,,
https://www.startribune.com/mass-evacuations-in-eastern-pakistan-as-india-releases-water-from-swollen-rivers/601461241/,request_failed,,,,
https://www.startribune.com/european-and-iranian-diplomats-hold-last-minute-nuclear-talks-ahead-of-sanctions-deadline/601461240/,request_failed,,,,
https://www.startribune.com/photos-show-nigerias-maternal-crisis-as-militants-return-and-us-aid-dries-up/601461239/,request_failed,,,,
https://www.startribune.com/pregnancy-has-become-a-nightmare-for-many-women-in-nigerias-conflict-hit-north/601461238/,request_failed,,,,
https://www.startribune.com/shea-langeliers-hits-2nd-career-grand-slam-to-help-power-athletics-to-8-3-win-over-the-tigers/601461236/,request_failed,,,,
https://www.startribune.com/philippine-president-fires-police-chief-who-led-the-arrests-of-duterte-and-televangelist-quiboloy/601461235/,request_failed,,,,
https://www.startribune.com/cal-raleigh-homers-again-as-the-mariners-beat-the-padres-9-6/601461234/,request_failed,,,,
https://www.startribune.com/everything-you-need-to-know-about-the-venice-film-festival/601461221/,request_failed,,,,
https://www.startribune.com/iran-directed-antisemitic-attacks-in-australia-pm-albanese-says/601461216/,request_failed,,,,
https://www.startribune.com/heavy-rain-falls-in-parts-of-southeast-asia-after-tropical-storm-blows-into-vietnam/601461215/,request_failed,,,,
https://www.startribune.com/towering-wall-of-dust-rolls-through-metro-phoenix-leaving-tens-of-thousands-without-power/601461208/,request_failed,,,,
https://www.startribune.com/asian-shares-decline-following-wall-streets-dip/601461207/,request_failed,,,,
https://www.startribune.com/cal-raleigh-hits-50th-homer-joining-mickey-mantle-as-switch-hitters-to-reach-mark/601461205/,request_failed,,,,
https://www.startribune.com/and-now-for-something-different-civility-unfolds-in-a-missouri-gop-congressmans-town-hall/601461204/,request_failed,,,,
https://www.startribune.com/a-cut-above-carlos-alcarazs-shaved-head-makes-its-us-open-debut-frances-tiafoe-says-its-terrible/601461201/,request_failed,,,,
https://www.startribune.com/judge-rules-utah-s-congressional-map-must-be-redrawn-for-the-2026-elections/601461190/,request_failed,,,,
https://www.startribune.com/caitlin-clark-becomes-a-nike-signature-athlete-with-shoe-coming-out-next-year/601461171/,request_failed,,,,
https://www.startribune.com/desmond-watson-the-heaviest-player-in-nfl-history-will-be-released-by-tampa-bay-ap-source-says/601461170/,request_failed,,,,
https://www.startribune.com/trump-fires-fed-governor-lisa-cook-opening-new-front-in-fight-for-control-over-central-bank/601461164/,request_failed,,,,
https://www.startribune.com/angels-manager-ron-washington-recovering-from-quadruple-heart-bypass-surgery/601460999/,request_failed,,,,
https://www.startribune.com/university-of-florida-picks-an-interim-president-after-last-choice-was-rejected/601460861/,request_failed,,,,
https://www.startribune.com/fall-movie-guide-here-are-the-films-coming-out-from-september-to-christmas/601460783/,request_failed,,,,
https://www.startribune.com/firefighter-dies-after-cardiac-emergency-while-battling-montana-wildfire/601460746/,request_failed,,,,
https://www.startribune.com/wildfire-in-oregon-destroys-4-homes-threatens-thousands-more/601460741/,request_failed,,,,
https://www.startribune.com/rochester-proposes-reduced-budget-aims-to-lower-6-tax-levy-increase/601460700/,ok,"Rochester proposes reduced budget, could lower 6% tax levy increase",2025-08-26T16:42:42.413Z,2025-08-26T16:42:42.413000,"The proposed hike is a little more than half what city staff initially projected, the smallest increase since the COVID-19 pandemic."
https://www.startribune.com/what-to-stream-sabrina-carpenter-eminems-stans-meghan-bakes-thunderbolts-and-kpopped/601460620/,request_failed,,,,
https://www.startribune.com/boxer-julio-cesar-chavez-jr-released-from-prison-in-mexico-awaiting-trial-over-alleged-cartel-ties/601460509/,request_failed,,,,
https://www.startribune.com/long-fraught-timeline-of-iran-nuclear-tensions/601459633/,request_failed,,,,
https://www.startribune.com/what-trumps-crime-crackdown-in-dc-looks-like-in-photos/601458849/,request_failed,,,,
https://www.startribune.com/thailand-s-suspended-prime-minister-testifies-over-phone-call-that-could-get-her-booted-from-job/601458475/,request_failed,,,,
https://www.startribune.com/scientists-get-a-rare-peek-inside-of-an-exploding-star/601458016/,request_failed,,,,
https://www.startribune.com/more-lows-gang-members-hit-with-racketeering-charges-4-minneapolis-killings-linked-to-indictment/601457634/,ok,"More Lows gang members hit with racketeering charges, 4 Minneapolis killings linked to indictment",2025-08-26T22:27:26.887Z,2025-08-26T22:27:26.887000,Trials against the Lows are expected to begin next year.
https://www.startribune.com/ll-cool-j-takes-the-mic-for-the-2025-mtv-vmas-where-lady-gaga-rules-nominations/601455380/,request_failed,,,,
https://www.startribune.com/one-tech-tip-this-summer-dont-let-your-phone-overheat/601454823/,request_failed,,,,
https://www.startribune.com/lewis-hamilton-wants-to-rediscover-the-joy-in-f1-after-a-gloomy-start-at-ferrari/,request_failed,,,,
