source,query_used,published_raw,published_iso,title,url,snippet,tags
startribune.com,Sitemap-only URL filter: Somali + (Fraud/FeedingOurFuture OR ICE/Immigration) + Minnesota anchors,,,,https://www.startribune.com/garbage-somali-protest-spend-st-joan-of-arc-trinity-church-raids-ice-minneapolis-st/601546734/,,Somali;ICE/Immigration;Minnesota
startribune.com,Sitemap-only URL filter: Somali + (Fraud/FeedingOurFuture OR ICE/Immigration) + Minnesota anchors,,,,https://www.startribune.com/trumps-attacks-on-minnesotas-somali-community-cast-a-spotlight-on-fraud-cases/601542402/,,Somali;Politics;Fraud/SocialPrograms;Minnesota
startribune.com,Sitemap-only URL filter: Somali + (Fraud/FeedingOurFuture OR ICE/Immigration) + Minnesota anchors,,,,https://www.startribune.com/readers-write-somali-minnesotans-walz-s-response-to-fraud-northstar-line/601542194/,,Somali;Fraud/SocialPrograms;Minnesota
startribune.com,Sitemap-only URL filter: Somali + (Fraud/FeedingOurFuture OR ICE/Immigration) + Minnesota anchors,,,,https://www.startribune.com/trump-claims-minnesota-lost-billions-to-fraud-the-evidence-to-date-isnt-close/601538955/,,Politics;Fraud/SocialPrograms;Minnesota
startribune.com,Sitemap-only URL filter: Somali + (Fraud/FeedingOurFuture OR ICE/Immigration) + Minnesota anchors,,,,https://www.startribune.com/trumps-crosshairs-on-somali-immigrants-stokes-fear-anger-among-those-in-twin-cities-community/601538630/,,Somali;Politics;Fraud/SocialPrograms;Minnesota
startribune.com,Sitemap-only URL filter: Somali + (Fraud/FeedingOurFuture OR ICE/Immigration) + Minnesota anchors,,,,https://www.startribune.com/why-minnesota-has-largest-somali-population-refugee-resettlement-economic-opportunity/601538629/,,Somali;ICE/Immigration;Minnesota
startribune.com,Sitemap-only URL filter: Somali + (Fraud/FeedingOurFuture OR ICE/Immigration) + Minnesota anchors,,,,https://www.startribune.com/trump-administration-to-withhold-some-snap-funding-until-minnesota-turns-over-data/601537934/,,Politics;Fraud/SocialPrograms;Minnesota
startribune.com,Sitemap-only URL filter: Somali + (Fraud/FeedingOurFuture OR ICE/Immigration) + Minnesota anchors,,,,https://www.startribune.com/twin-cities-ice-somali-trump/601537681/,,Somali;Politics;ICE/Immigration;Minnesota
startribune.com,Sitemap-only URL filter: Somali + (Fraud/FeedingOurFuture OR ICE/Immigration) + Minnesota anchors,,,,https://www.startribune.com/trump-administration-to-investigate-minnesota-for-claims-of-fraud-pipeline-to-terrorists/601537145/,,Politics;Fraud/SocialPrograms;Minnesota
startribune.com,Sitemap-only URL filter: Somali + (Fraud/FeedingOurFuture OR ICE/Immigration) + Minnesota anchors,,,,https://www.startribune.com/somali-community-trump-minnesota-fraud-scandals/601536666/,,Somali;Politics;Fraud/SocialPrograms;Minnesota
startribune.com,Sitemap-only URL filter: Somali + (Fraud/FeedingOurFuture OR ICE/Immigration) + Minnesota anchors,,,,https://www.startribune.com/live-minneapolis-officials-to-address-reports-of-trump-administration-targeting-somali-migrants/601528441/,,Somali;Politics;Fraud/SocialPrograms;Minnesota
startribune.com,Sitemap-only URL filter: Somali + (Fraud/FeedingOurFuture OR ICE/Immigration) + Minnesota anchors,,,,https://www.startribune.com/trump-administration-immigration-enforcement-twin-cities-ice/601551415/,,Politics;ICE/Immigration;Minnesota
startribune.com,Sitemap-only URL filter: Somali + (Fraud/FeedingOurFuture OR ICE/Immigration) + Minnesota anchors,,,,https://www.startribune.com/thousands-march-against-ice-minneapolis-saturday-operation-metro-surge-dhs-trump-somali/601549056/,,Somali;Politics;ICE/Immigration;Minnesota
startribune.com,Sitemap-only URL filter: Somali + (Fraud/FeedingOurFuture OR ICE/Immigration) + Minnesota anchors,,,,https://www.startribune.com/treasury-rachets-up-investigations-targeting-minnesotas-somali-community-for-fraud/601544942/,,Somali;Fraud/SocialPrograms;Minnesota
startribune.com,Sitemap-only URL filter: Somali + (Fraud/FeedingOurFuture OR ICE/Immigration) + Minnesota anchors,,,,https://www.startribune.com/miracle-on-ice-team-congressional-gold-medal-trump-ceremony-minnesotans/601544913/,,Politics;ICE/Immigration;Minnesota
startribune.com,Sitemap-only URL filter: Somali + (Fraud/FeedingOurFuture OR ICE/Immigration) + Minnesota anchors,,,,https://www.startribune.com/trumps-immigration-enforcement-delights-some-minnesota-republicans/601544304/,,Politics;ICE/Immigration;Minnesota
startribune.com,Sitemap-only URL filter: Somali + (Fraud/FeedingOurFuture OR ICE/Immigration) + Minnesota anchors,,,,https://www.startribune.com/somali-immigrants-minnesota-trump-ice-enforcement/601543740/,,Somali;Politics;Fraud/SocialPrograms;ICE/Immigration;Minnesota
startribune.com,Sitemap-only URL filter: Somali + (Fraud/FeedingOurFuture OR ICE/Immigration) + Minnesota anchors,,,,https://www.startribune.com/mubashir-minneapolis-ice-arrest-us-citizen-somali-american-walz-letter-noem/601543532/,,Somali;ICE/Immigration;Minnesota
startribune.com,Sitemap-only URL filter: Somali + (Fraud/FeedingOurFuture OR ICE/Immigration) + Minnesota anchors,,,,https://www.startribune.com/trump-rural-health-grant-federal-funding-minnesota-apply-proposal-medicaid-cut/601520523/,,Politics;Fraud/SocialPrograms;Minnesota
startribune.com,Sitemap-only URL filter: Somali + (Fraud/FeedingOurFuture OR ICE/Immigration) + Minnesota anchors,,,,https://www.startribune.com/st-paul-man-charged-in-vandalism-spree-that-targeted-lgbt-pride-flags-and-anti-trump-signs/601511194/,,Politics;Fraud/SocialPrograms;Minnesota
startribune.com,Sitemap-only URL filter: Somali + (Fraud/FeedingOurFuture OR ICE/Immigration) + Minnesota anchors,,,,https://www.startribune.com/noem-protest-twin-cities-trump-administration-immigration-enforcement/601507422/,,Politics;ICE/Immigration;Minnesota
startribune.com,Sitemap-only URL filter: Somali + (Fraud/FeedingOurFuture OR ICE/Immigration) + Minnesota anchors,,,,https://www.startribune.com/trump-cancels-464-million-minnesota-grant-for-power-lines-in-five-states/601485232/,,Politics;Fraud/SocialPrograms;Minnesota
startribune.com,Sitemap-only URL filter: Somali + (Fraud/FeedingOurFuture OR ICE/Immigration) + Minnesota anchors,,,,https://www.startribune.com/trump-justice-departments-blitz-of-lawsuits-frequently-targets-minnesota-whats-the-impact/601484434/,,Politics;ICE/Immigration;Minnesota
startribune.com,Sitemap-only URL filter: Somali + (Fraud/FeedingOurFuture OR ICE/Immigration) + Minnesota anchors,,,,https://www.startribune.com/downtown-minneapolis-mayor-jacob-frey-sell-better-strategy-office-work-value/601460803/,,Politics;ICE/Immigration;Minnesota
startribune.com,Sitemap-only URL filter: Somali + (Fraud/FeedingOurFuture OR ICE/Immigration) + Minnesota anchors,,,,https://www.startribune.com/somali-leader-omar-jamal-detained-by-ice-in-downtown-minneapolis/601464484/,,Somali;ICE/Immigration;Minnesota
startribune.com,Sitemap-only URL filter: Somali + (Fraud/FeedingOurFuture OR ICE/Immigration) + Minnesota anchors,,,,https://www.startribune.com/trump-tariff-federal-policy-layoff-slow-minnesota-economy-job-loss-unemployment-funding-immigration/601454999/,,Politics;Fraud/SocialPrograms;ICE/Immigration;Minnesota
startribune.com,Sitemap-only URL filter: Somali + (Fraud/FeedingOurFuture OR ICE/Immigration) + Minnesota anchors,,,,https://www.startribune.com/feeding-our-future-defendant-arrested-at-twin-cities-airport-enters-plea/601446704/,,FeedingOurFuture;Fraud/SocialPrograms;Minnesota
startribune.com,Sitemap-only URL filter: Somali + (Fraud/FeedingOurFuture OR ICE/Immigration) + Minnesota anchors,,,,https://www.startribune.com/readers-write-trump-s-first-six-months-in-office-sports-mascots-minneapolis-city-council/601443752/,,Politics;ICE/Immigration;Minnesota
startribune.com,Sitemap-only URL filter: Somali + (Fraud/FeedingOurFuture OR ICE/Immigration) + Minnesota anchors,,,,https://www.startribune.com/minnesota-ice-arrests-double-under-trump/601436501/,,Politics;ICE/Immigration;Minnesota
startribune.com,Sitemap-only URL filter: Somali + (Fraud/FeedingOurFuture OR ICE/Immigration) + Minnesota anchors,,,,https://www.startribune.com/minnesota-hospitals-miss-out-on-medicaid-windfall-after-trumps-budget-bill-passes/601394229/,,Politics;Fraud/SocialPrograms;Minnesota
startribune.com,Sitemap-only URL filter: Somali + (Fraud/FeedingOurFuture OR ICE/Immigration) + Minnesota anchors,,,,https://www.startribune.com/trump-minnesota-schools-federal-grants-budget-cuts/601385216/,,Politics;Fraud/SocialPrograms;Minnesota
startribune.com,Sitemap-only URL filter: Somali + (Fraud/FeedingOurFuture OR ICE/Immigration) + Minnesota anchors,,,,https://www.startribune.com/twin-cities-day-cares-lose-workers-after-trump-administration-cancels-immigration-program/601384942/,,Politics;ICE/Immigration;Minnesota
startribune.com,Sitemap-only URL filter: Somali + (Fraud/FeedingOurFuture OR ICE/Immigration) + Minnesota anchors,,,,https://www.startribune.com/minnesota-county-property-tax-snap-benefit-food-stamp-cut-hike-trump-budget-bill/601382768/,,Politics;Fraud/SocialPrograms;Minnesota
startribune.com,Sitemap-only URL filter: Somali + (Fraud/FeedingOurFuture OR ICE/Immigration) + Minnesota anchors,,,,https://www.startribune.com/the-trump-administration-is-suing-minnesota-over-breaks-in-higher-education-for-immigrant-students/601380601/,,Politics;Fraud/SocialPrograms;Minnesota
startribune.com,Sitemap-only URL filter: Somali + (Fraud/FeedingOurFuture OR ICE/Immigration) + Minnesota anchors,,,,https://www.startribune.com/trump-travel-ban-minnesota-business-trips-immigrants/601374145/,,Politics;Fraud/SocialPrograms;Minnesota
startribune.com,Sitemap-only URL filter: Somali + (Fraud/FeedingOurFuture OR ICE/Immigration) + Minnesota anchors,,,,https://www.startribune.com/minnesota-poll-most-oppose-trumps-immigration-policies-but-broad-support-outside-metro/601373769/,,Politics;ICE/Immigration;Minnesota
startribune.com,Sitemap-only URL filter: Somali + (Fraud/FeedingOurFuture OR ICE/Immigration) + Minnesota anchors,,,,https://www.startribune.com/az-rep-yassamin-ansari-asks-minnesota-governor-tim-walz-about-the-economic-impact-of-immigrants/601371864/,,Politics;Fraud/SocialPrograms;Minnesota
startribune.com,Sitemap-only URL filter: Somali + (Fraud/FeedingOurFuture OR ICE/Immigration) + Minnesota anchors,,,,https://www.startribune.com/in-executive-order-mayor-frey-will-direct-minneapolis-to-implement-police-reforms-nixed-by-trump/601369909/,,Politics;ICE/Immigration;Minnesota
startribune.com,Sitemap-only URL filter: Somali + (Fraud/FeedingOurFuture OR ICE/Immigration) + Minnesota anchors,,,,https://www.startribune.com/lead-federal-prosecutor-in-feeding-our-future-trials-named-minnesotas-new-acting-us-attorney/601365821/,,FeedingOurFuture;Fraud/SocialPrograms;Minnesota
startribune.com,Sitemap-only URL filter: Somali + (Fraud/FeedingOurFuture OR ICE/Immigration) + Minnesota anchors,,,,https://www.startribune.com/minneapolis-man-to-change-not-guilty-plea-in-feeding-our-future-juror-bribery-case/601343831/,,FeedingOurFuture;Fraud/SocialPrograms;Minnesota
startribune.com,Sitemap-only URL filter: Somali + (Fraud/FeedingOurFuture OR ICE/Immigration) + Minnesota anchors,,,,https://www.startribune.com/trump-immigration-sanctuary-minnesota-list/601364493/,,Politics;ICE/Immigration;Minnesota
startribune.com,Sitemap-only URL filter: Somali + (Fraud/FeedingOurFuture OR ICE/Immigration) + Minnesota anchors,,,,https://www.startribune.com/tolkkinen-deep-in-minnesotas-trump-country-an-artist-paints-portraits-of-refugees-and-immigrants/601363328/,,Politics;Fraud/SocialPrograms;ICE/Immigration;Minnesota
startribune.com,Sitemap-only URL filter: Somali + (Fraud/FeedingOurFuture OR ICE/Immigration) + Minnesota anchors,,,,https://www.startribune.com/feds-say-new-feeding-our-future-suspect-nabbed-at-twin-cities-airport-trying-to-flee-country/601363071/,,FeedingOurFuture;Fraud/SocialPrograms;Minnesota
startribune.com,Sitemap-only URL filter: Somali + (Fraud/FeedingOurFuture OR ICE/Immigration) + Minnesota anchors,,,,https://www.startribune.com/feeding-our-future-investigation-turns-focus-on-st-paul-nonprofit/601360473/,,FeedingOurFuture;Fraud/SocialPrograms;Minnesota
startribune.com,Sitemap-only URL filter: Somali + (Fraud/FeedingOurFuture OR ICE/Immigration) + Minnesota anchors,,,,https://www.startribune.com/trumps-doj-asks-to-dismiss-consent-decree-mandating-sweeping-minneapolis-police-reforms/601358609/,,Politics;ICE/Immigration;Minnesota
startribune.com,Sitemap-only URL filter: Somali + (Fraud/FeedingOurFuture OR ICE/Immigration) + Minnesota anchors,,,,https://www.startribune.com/minnesota-colleges-and-universities-affected-by-trump-s-decisions-during-first-100-days-in-office/601339566/,,Politics;ICE/Immigration;Minnesota
startribune.com,Sitemap-only URL filter: Somali + (Fraud/FeedingOurFuture OR ICE/Immigration) + Minnesota anchors,,,,https://www.startribune.com/minnesota-economy-trump-era-tariff-stock-market-housing-inflation-price/601329044/,,Politics;ICE/Immigration;Minnesota
startribune.com,Sitemap-only URL filter: Somali + (Fraud/FeedingOurFuture OR ICE/Immigration) + Minnesota anchors,,,,https://www.startribune.com/minnesota-universities-and-colleges-weather-chaotic-changes-in-trumps-first-100-days-in-office/601326557/,,Politics;ICE/Immigration;Minnesota
startribune.com,Sitemap-only URL filter: Somali + (Fraud/FeedingOurFuture OR ICE/Immigration) + Minnesota anchors,,,,https://www.startribune.com/minnesota-arts-culture-orgs-funding-cuts-federal-grants-trump-doge-neh-imls/601326469/,,Politics;Fraud/SocialPrograms;Minnesota
startribune.com,Sitemap-only URL filter: Somali + (Fraud/FeedingOurFuture OR ICE/Immigration) + Minnesota anchors,,,,https://www.startribune.com/detentions-deportations-in-minnesota-during-first-100-days-of-trump-administration/601324500/,,Politics;ICE/Immigration;Minnesota
startribune.com,Sitemap-only URL filter: Somali + (Fraud/FeedingOurFuture OR ICE/Immigration) + Minnesota anchors,,,,https://www.startribune.com/student-visa-ice-revoke-trump-administration-deport-minnesota-mankato/601317636/,,Politics;ICE/Immigration;Minnesota
startribune.com,Sitemap-only URL filter: Somali + (Fraud/FeedingOurFuture OR ICE/Immigration) + Minnesota anchors,,,,https://www.startribune.com/trump-administration-has-removed-minnesota-buildings-from-list-of-federal-offices-it-wants-to-sell/601310597/,,Politics;ICE/Immigration;Minnesota
startribune.com,Sitemap-only URL filter: Somali + (Fraud/FeedingOurFuture OR ICE/Immigration) + Minnesota anchors,,,,https://www.startribune.com/climate-solution-or-dollar20-billion-gold-bar-scheme-explaining-minnesota-s-lawsuit-against-trump-s-epa/601246174/,,Politics;Fraud/SocialPrograms;Minnesota
startribune.com,Sitemap-only URL filter: Somali + (Fraud/FeedingOurFuture OR ICE/Immigration) + Minnesota anchors,,,,https://www.startribune.com/minnesota-s-feeding-our-future-verdict-is-a-start/601243933/,,FeedingOurFuture;Fraud/SocialPrograms;Minnesota
startribune.com,Sitemap-only URL filter: Somali + (Fraud/FeedingOurFuture OR ICE/Immigration) + Minnesota anchors,,,,https://www.startribune.com/minnesota-investment-pros-officers-stick-predictions-stock-market-trump/601240050/,,Politics;ICE/Immigration;Minnesota
startribune.com,Sitemap-only URL filter: Somali + (Fraud/FeedingOurFuture OR ICE/Immigration) + Minnesota anchors,,,,https://www.startribune.com/minnesota-s-refugee-resettlement-agencies-scramble-to-respond-amid-trump-disruptions/601237693/,,Politics;ICE/Immigration;Minnesota
startribune.com,Sitemap-only URL filter: Somali + (Fraud/FeedingOurFuture OR ICE/Immigration) + Minnesota anchors,,,,https://www.startribune.com/trump-administration-eyes-sale-of-historic-wellstone-building-other-federal-offices-in-minnesota/601228749/,,Politics;ICE/Immigration;Minnesota
startribune.com,Sitemap-only URL filter: Somali + (Fraud/FeedingOurFuture OR ICE/Immigration) + Minnesota anchors,,,,https://www.startribune.com/pam-bondi-puts-minnesota-on-notice-after-ellison-s-move-to-defy-trump-s-transgender-athlete-ban/601228178/,,Politics;ICE/Immigration;Minnesota
startribune.com,Sitemap-only URL filter: Somali + (Fraud/FeedingOurFuture OR ICE/Immigration) + Minnesota anchors,,,,https://www.startribune.com/minneapolis-cafe-owner-says-feeding-our-future-founder-demanded-dollar1-5-million-in-cash-to-keep-fraud-scam-going/601227895/,,FeedingOurFuture;Fraud/SocialPrograms;Minnesota
startribune.com,Sitemap-only URL filter: Somali + (Fraud/FeedingOurFuture OR ICE/Immigration) + Minnesota anchors,,,,https://www.startribune.com/minneapolis-consent-decree-police-department-of-justice-trump/601225752/,,Politics;ICE/Immigration;Minnesota
startribune.com,Sitemap-only URL filter: Somali + (Fraud/FeedingOurFuture OR ICE/Immigration) + Minnesota anchors,,,,https://www.startribune.com/minneapolis-council-member-jamal-osman-feeding-our-future-trial/601225131/,,FeedingOurFuture;Fraud/SocialPrograms;Minnesota
startribune.com,Sitemap-only URL filter: Somali + (Fraud/FeedingOurFuture OR ICE/Immigration) + Minnesota anchors,,,,https://www.startribune.com/what-does-minnesotas-congressional-delegation-thinks-about-trumps-first-weeks-in-office-we-asked/601223808/,,Politics;ICE/Immigration;Minnesota
startribune.com,Sitemap-only URL filter: Somali + (Fraud/FeedingOurFuture OR ICE/Immigration) + Minnesota anchors,,,,https://www.startribune.com/minnesota-lacks-caregivers-what-could-trumps-policies-mean-for-a-workforce-that-relies-on-immigrants/601223265/,,Politics;Fraud/SocialPrograms;Minnesota
startribune.com,Sitemap-only URL filter: Somali + (Fraud/FeedingOurFuture OR ICE/Immigration) + Minnesota anchors,,,,https://www.startribune.com/in-fraud-trial-st-paul-school-official-says-meal-reports-from-feeding-our-future-site-dont-add-up/601221950/,,FeedingOurFuture;Fraud/SocialPrograms;Minnesota
startribune.com,Sitemap-only URL filter: Somali + (Fraud/FeedingOurFuture OR ICE/Immigration) + Minnesota anchors,,,,https://www.startribune.com/university-of-minnesota-researchers-lawmakers-decry-trumps-proposed-cuts-to-medical-research-grants/601221215/,,Politics;Fraud/SocialPrograms;Minnesota
startribune.com,Sitemap-only URL filter: Somali + (Fraud/FeedingOurFuture OR ICE/Immigration) + Minnesota anchors,,,,https://www.startribune.com/trump-federal-budget-cut-medical-research-grant-nih-university-minnesota/601219979/,,Politics;Fraud/SocialPrograms;Minnesota
startribune.com,Sitemap-only URL filter: Somali + (Fraud/FeedingOurFuture OR ICE/Immigration) + Minnesota anchors,,,,https://www.startribune.com/federal-reserve-bank-minneapolis-office-minority-women-inclusion-trump-dei-order-dodd-frank/601216274/,,Politics;ICE/Immigration;Minnesota
startribune.com,Sitemap-only URL filter: Somali + (Fraud/FeedingOurFuture OR ICE/Immigration) + Minnesota anchors,,,,https://www.startribune.com/minnesota-restaurants-closed-immigration-trump/601216160/,,Politics;ICE/Immigration;Minnesota
startribune.com,Sitemap-only URL filter: Somali + (Fraud/FeedingOurFuture OR ICE/Immigration) + Minnesota anchors,,,,https://www.startribune.com/hundreds-along-lake-street-in-minneapolis-protest-trump-administration-deportation-orders/601215547/,,Politics;ICE/Immigration;Minnesota
startribune.com,Sitemap-only URL filter: Somali + (Fraud/FeedingOurFuture OR ICE/Immigration) + Minnesota anchors,,,,https://www.startribune.com/somali-family-reunites-in-minneapolis-as-trump-strands-refugees-across-the-world/601215463/,,Somali;Politics;ICE/Immigration;Minnesota
startribune.com,Sitemap-only URL filter: Somali + (Fraud/FeedingOurFuture OR ICE/Immigration) + Minnesota anchors,,,,https://www.startribune.com/laken-riley-act-hennepin-county-ice-arrests-undocumented-immigrants-donald-trump/601213788/,,Politics;Fraud/SocialPrograms;ICE/Immigration;Minnesota
startribune.com,Sitemap-only URL filter: Somali + (Fraud/FeedingOurFuture OR ICE/Immigration) + Minnesota anchors,,,,https://www.startribune.com/minnesota-federal-workers-on-edge-president-trump-executive-orders-civil-service/601210767/,,Politics;ICE/Immigration;Minnesota
startribune.com,Sitemap-only URL filter: Somali + (Fraud/FeedingOurFuture OR ICE/Immigration) + Minnesota anchors,,,,https://www.startribune.com/minnesota-immigrant-communities-advocates-brace-for-trumps-crackdown/601207867/,,Politics;Fraud/SocialPrograms;Minnesota
startribune.com,Sitemap-only URL filter: Somali + (Fraud/FeedingOurFuture OR ICE/Immigration) + Minnesota anchors,,,,https://www.startribune.com/for-the-first-time-minnesota-teachers-can-become-licensed-to-teach-karen-somali-and-other-heritage-languages/601204580/,,Somali;ICE/Immigration;Minnesota
startribune.com,Sitemap-only URL filter: Somali + (Fraud/FeedingOurFuture OR ICE/Immigration) + Minnesota anchors,,,,https://www.startribune.com/former-minneapolis-police-union-head-bob-kroll-seeking-donald-trumps-nomination-to-be-us-marshal/601200403/,,Politics;ICE/Immigration;Minnesota
startribune.com,Sitemap-only URL filter: Somali + (Fraud/FeedingOurFuture OR ICE/Immigration) + Minnesota anchors,,,,https://www.startribune.com/heres-what-would-happen-in-minnesota-if-gov-tim-walz-were-to-become-vice-president/600385291/,,Politics;ICE/Immigration;Minnesota
startribune.com,Sitemap-only URL filter: Somali + (Fraud/FeedingOurFuture OR ICE/Immigration) + Minnesota anchors,,,,https://www.startribune.com/trump-tariffs-could-hit-minnesota-economy-3m-cargill-target-polaris-higher-prices/601187394/,,Politics;ICE/Immigration;Minnesota
startribune.com,Sitemap-only URL filter: Somali + (Fraud/FeedingOurFuture OR ICE/Immigration) + Minnesota anchors,,,,https://www.startribune.com/could-trump-use-drivers-license-for-all-data-for-deportations-minnesota-officials-say-protections-are-in-place/601185817/,,Politics;ICE/Immigration;Minnesota
startribune.com,Sitemap-only URL filter: Somali + (Fraud/FeedingOurFuture OR ICE/Immigration) + Minnesota anchors,,,,https://www.startribune.com/will-trumps-election-mean-vindication-for-the-14-minnesotans-charged-in-the-jan-6-insurrection/601181708/,,Politics;Fraud/SocialPrograms;Minnesota
startribune.com,Sitemap-only URL filter: Somali + (Fraud/FeedingOurFuture OR ICE/Immigration) + Minnesota anchors,,,,https://www.startribune.com/what-could-trumps-return-mean-for-minnesotans-on-medicaid-and-safety-net-programs/601179420/,,Politics;Fraud/SocialPrograms;Minnesota
startribune.com,Sitemap-only URL filter: Somali + (Fraud/FeedingOurFuture OR ICE/Immigration) + Minnesota anchors,,,,https://www.startribune.com/keith-ellison-shuts-down-nonprofit-run-by-minneapolis-council-member-jamal-osman-wife-ilo-amba-feeding-our-future-related/601179078/,,FeedingOurFuture;Fraud/SocialPrograms;Minnesota
startribune.com,Sitemap-only URL filter: Somali + (Fraud/FeedingOurFuture OR ICE/Immigration) + Minnesota anchors,,,,https://www.startribune.com/judge-rejects-delay-until-trumps-in-office-sentences-minnesotan-for-role-in-jan-6-insurrection/601178144/,,Politics;ICE/Immigration;Minnesota
startribune.com,Sitemap-only URL filter: Somali + (Fraud/FeedingOurFuture OR ICE/Immigration) + Minnesota anchors,,,,https://www.startribune.com/minneapolis-mayor-jacob-frey-rebuffs-calls-for-police-chiefs-firing-davis-maturi-shooting/601172650/,,Politics;ICE/Immigration;Minnesota
startribune.com,Sitemap-only URL filter: Somali + (Fraud/FeedingOurFuture OR ICE/Immigration) + Minnesota anchors,,,,https://www.startribune.com/minnesota-gov-and-vice-presidential-tim-walz-votes-at-an-early-voting-center/601166875/,,Politics;ICE/Immigration;Minnesota
startribune.com,Sitemap-only URL filter: Somali + (Fraud/FeedingOurFuture OR ICE/Immigration) + Minnesota anchors,,,,https://www.startribune.com/readers-write-trumps-economic-ideas-minneapolis-property-taxes-prone-police-restraints/601165382/,,Politics;ICE/Immigration;Minnesota
startribune.com,Sitemap-only URL filter: Somali + (Fraud/FeedingOurFuture OR ICE/Immigration) + Minnesota anchors,,,,https://www.startribune.com/a-minnesota-high-school-rivalry-that-once-included-former-teacher-and-vice-presidential-candidate-gov-tim-walz-enters-new-chapter/601160002/,,Politics;ICE/Immigration;Minnesota
startribune.com,Sitemap-only URL filter: Somali + (Fraud/FeedingOurFuture OR ICE/Immigration) + Minnesota anchors,,,,https://www.startribune.com/gov-tim-walz-returns-to-the-minnesota-state-fair-for-the-first-time-as-vice-presidential-nominee/601136162/,,Politics;ICE/Immigration;Minnesota
startribune.com,Sitemap-only URL filter: Somali + (Fraud/FeedingOurFuture OR ICE/Immigration) + Minnesota anchors,,,,https://www.startribune.com/minneapolis-police-swear-in-first-somali-woman-non-citizen-in-joyful-graduation/601153056/,,Somali;ICE/Immigration;Minnesota
startribune.com,Sitemap-only URL filter: Somali + (Fraud/FeedingOurFuture OR ICE/Immigration) + Minnesota anchors,,,,https://www.startribune.com/minneapolis-police-swear-in-first-somali-woman-non-citizen-in-joyful-graduation/601153033/,,Somali;ICE/Immigration;Minnesota
startribune.com,Sitemap-only URL filter: Somali + (Fraud/FeedingOurFuture OR ICE/Immigration) + Minnesota anchors,,,,https://www.startribune.com/minneapolis-woman-pleads-guilty-to-role-in-feeding-our-future-case/601148548/,,FeedingOurFuture;Fraud/SocialPrograms;Minnesota
startribune.com,Sitemap-only URL filter: Somali + (Fraud/FeedingOurFuture OR ICE/Immigration) + Minnesota anchors,,,,https://www.startribune.com/former-minneapolis-housing-authority-board-chair-pleads-guilty-to-wire-fraud-in-feeding-our-future-case/601147009/,,FeedingOurFuture;Fraud/SocialPrograms;Minnesota
startribune.com,Sitemap-only URL filter: Somali + (Fraud/FeedingOurFuture OR ICE/Immigration) + Minnesota anchors,,,,https://www.startribune.com/minneapolis-riots-feeding-our-future-fraud-lead-list-of-vulnerabilities-for-walz-on-national-ticket/600850577/,,FeedingOurFuture;Fraud/SocialPrograms;Minnesota
startribune.com,Sitemap-only URL filter: Somali + (Fraud/FeedingOurFuture OR ICE/Immigration) + Minnesota anchors,,,,https://www.startribune.com/gov-tim-walz-scheduled-at-minnesota-harris-fundraiser-ahead-of-her-vice-president-announcement/600805681/,,Politics;ICE/Immigration;Minnesota
startribune.com,Sitemap-only URL filter: Somali + (Fraud/FeedingOurFuture OR ICE/Immigration) + Minnesota anchors,,,,https://www.startribune.com/how-minnesota-gov-tim-walz-became-an-unexpected-contender-for-vice-president/600665321/,,Politics;ICE/Immigration;Minnesota
startribune.com,Sitemap-only URL filter: Somali + (Fraud/FeedingOurFuture OR ICE/Immigration) + Minnesota anchors,,,,https://www.startribune.com/judge-denies-feeding-our-future-leaders-request-to-sanction-minnesota-department-of-education/600371553/,,FeedingOurFuture;Fraud/SocialPrograms;Minnesota
startribune.com,Sitemap-only URL filter: Somali + (Fraud/FeedingOurFuture OR ICE/Immigration) + Minnesota anchors,,,,https://www.startribune.com/feeding-our-future-attempted-bribery-case-could-affect-other-trials-in-minnesota/600377015/,,FeedingOurFuture;Fraud/SocialPrograms;Minnesota
startribune.com,Sitemap-only URL filter: Somali + (Fraud/FeedingOurFuture OR ICE/Immigration) + Minnesota anchors,,,,https://www.startribune.com/trump-campaign-to-open-new-field-offices-in-minnesota/600375435/,,Politics;ICE/Immigration;Minnesota
startribune.com,Sitemap-only URL filter: Somali + (Fraud/FeedingOurFuture OR ICE/Immigration) + Minnesota anchors,,,,https://www.startribune.com/did-minnesota-department-of-education-do-enough-to-stop-feeding-our-future-fraud-legislative-auditor-report-to-be-released-thursday/600373216/,,FeedingOurFuture;Fraud/SocialPrograms;Minnesota
startribune.com,Sitemap-only URL filter: Somali + (Fraud/FeedingOurFuture OR ICE/Immigration) + Minnesota anchors,,,,https://www.startribune.com/witnesses-testify-they-saw-no-meals-served-at-twin-cities-distribution-sites-connected-to-feeding-our-future/600364112/,,FeedingOurFuture;Fraud/SocialPrograms;Minnesota
startribune.com,Sitemap-only URL filter: Somali + (Fraud/FeedingOurFuture OR ICE/Immigration) + Minnesota anchors,,,,https://www.startribune.com/donald-trump-minnesota-immigration-worker-labor-shortage-farming-health-care/600363226/,,Politics;ICE/Immigration;Minnesota
startribune.com,Sitemap-only URL filter: Somali + (Fraud/FeedingOurFuture OR ICE/Immigration) + Minnesota anchors,,,,https://www.startribune.com/minnesota-education-department-official-testifies-in-feeding-our-future-trial-about-fraud-concerns/600362863/,,FeedingOurFuture;Fraud/SocialPrograms;Minnesota
startribune.com,Sitemap-only URL filter: Somali + (Fraud/FeedingOurFuture OR ICE/Immigration) + Minnesota anchors,,,,https://www.startribune.com/on-first-day-of-trial-minnesotans-interviewed-to-serve-on-feeding-our-future-jury/600360854/,,FeedingOurFuture;Fraud/SocialPrograms;Minnesota
startribune.com,Sitemap-only URL filter: Somali + (Fraud/FeedingOurFuture OR ICE/Immigration) + Minnesota anchors,,,,https://www.startribune.com/trump-administration-denied-minneapolis-nearly-1-million-over-defund-the-police-comments/600352346/,,Politics;ICE/Immigration;Minnesota
startribune.com,Sitemap-only URL filter: Somali + (Fraud/FeedingOurFuture OR ICE/Immigration) + Minnesota anchors,,,,https://www.startribune.com/feeding-our-future-leader-alleges-a-minnesota-department-of-education-cover-up/600341707/,,FeedingOurFuture;Fraud/SocialPrograms;Minnesota
startribune.com,Sitemap-only URL filter: Somali + (Fraud/FeedingOurFuture OR ICE/Immigration) + Minnesota anchors,,,,https://www.startribune.com/increase-in-refugees-resettling-in-minnesota-with-more-on-the-way-biden-obama-trump-immigration/600331694/,,Politics;ICE/Immigration;Minnesota
startribune.com,Sitemap-only URL filter: Somali + (Fraud/FeedingOurFuture OR ICE/Immigration) + Minnesota anchors,,,,https://www.startribune.com/feeding-our-future-guilty-st-paul-nonprofit-house-of-refuge/600333866/,,FeedingOurFuture;Fraud/SocialPrograms;Minnesota
startribune.com,Sitemap-only URL filter: Somali + (Fraud/FeedingOurFuture OR ICE/Immigration) + Minnesota anchors,,,,https://www.startribune.com/lawsuit-minnesotas-next-generation-free-training-hurt-nursing-assistant-schools-tim-walz-covid/600330676/,,Politics;Fraud/SocialPrograms;Minnesota
startribune.com,Sitemap-only URL filter: Somali + (Fraud/FeedingOurFuture OR ICE/Immigration) + Minnesota anchors,,,,https://www.startribune.com/readers-write-downtown-minneapolis-homelessness-feeding-our-future-scandal-marijuana-media-bias/600329476/,,FeedingOurFuture;Fraud/SocialPrograms;Minnesota
startribune.com,Sitemap-only URL filter: Somali + (Fraud/FeedingOurFuture OR ICE/Immigration) + Minnesota anchors,,,,https://www.startribune.com/judge-approves-feeding-our-future-defendant-overseas-request-minnesota/600328939/,,FeedingOurFuture;Fraud/SocialPrograms;Minnesota
startribune.com,Sitemap-only URL filter: Somali + (Fraud/FeedingOurFuture OR ICE/Immigration) + Minnesota anchors,,,,https://www.startribune.com/minneapolis-third-precinct-police-station-location-2633-minnehaha-jacob-frey-ressurected/600315250/,,Politics;ICE/Immigration;Minnesota
startribune.com,Sitemap-only URL filter: Somali + (Fraud/FeedingOurFuture OR ICE/Immigration) + Minnesota anchors,,,,https://www.startribune.com/feeding-our-future-kenya-covid-meals-program-fraud-federal-district-court-brooklyn-park-minnesota/600314741/,,FeedingOurFuture;Fraud/SocialPrograms;Minnesota
startribune.com,Sitemap-only URL filter: Somali + (Fraud/FeedingOurFuture OR ICE/Immigration) + Minnesota anchors,,,,https://www.startribune.com/minnesota-attorney-general-ellison-seeks-shut-down-nonprofits-feeding-our-future-fraud-federal-meals/600313227/,,FeedingOurFuture;Fraud/SocialPrograms;Minnesota
startribune.com,Sitemap-only URL filter: Somali + (Fraud/FeedingOurFuture OR ICE/Immigration) + Minnesota anchors,,,,https://www.startribune.com/minneapolis-police-third-precinct-station-debate-city-council-mulls-slower-timeline-jacob-frey/600311401/,,Politics;ICE/Immigration;Minnesota
startribune.com,Sitemap-only URL filter: Somali + (Fraud/FeedingOurFuture OR ICE/Immigration) + Minnesota anchors,,,,https://www.startribune.com/readers-write-trump-indictment-education-minnesota-zoo-national-night-out/600294396/,,Politics;Fraud/SocialPrograms;Minnesota
startribune.com,Sitemap-only URL filter: Somali + (Fraud/FeedingOurFuture OR ICE/Immigration) + Minnesota anchors,,,,https://www.startribune.com/jacob-frey-lee-sheehy-community-safety-commissioner-minneapolis-cedric-alexander-police-reform/600298137/,,Politics;ICE/Immigration;Minnesota
startribune.com,Sitemap-only URL filter: Somali + (Fraud/FeedingOurFuture OR ICE/Immigration) + Minnesota anchors,,,,https://www.startribune.com/readers-write-health-care-trump-indictments-unsafe-minneapolis-streets/600295267/,,Politics;Fraud/SocialPrograms;Minnesota
startribune.com,Sitemap-only URL filter: Somali + (Fraud/FeedingOurFuture OR ICE/Immigration) + Minnesota anchors,,,,https://www.startribune.com/after-feeding-our-future-fraud-case-minnesota-department-of-education-to-get-inspector-general/600292284/,,FeedingOurFuture;Fraud/SocialPrograms;Minnesota
startribune.com,Sitemap-only URL filter: Somali + (Fraud/FeedingOurFuture OR ICE/Immigration) + Minnesota anchors,,,,https://www.startribune.com/houston-texas-food-pantry-feeding-our-future-minnesota-fraud-federal-investigation/600286422/,,FeedingOurFuture;Fraud/SocialPrograms;Minnesota
startribune.com,Sitemap-only URL filter: Somali + (Fraud/FeedingOurFuture OR ICE/Immigration) + Minnesota anchors,,,,https://www.startribune.com/readers-write-trump-charges-the-flag-minneapolis-police-debt-the-state-fair-customer-service/600283616/,,Politics;Fraud/SocialPrograms;ICE/Immigration;Minnesota
startribune.com,Sitemap-only URL filter: Somali + (Fraud/FeedingOurFuture OR ICE/Immigration) + Minnesota anchors,,,,https://www.startribune.com/bloomington-man-pleads-guilty-fraud-250-million-feeding-our-future-meals-minnesota-pandemic/600282384/,,FeedingOurFuture;Fraud/SocialPrograms;Minnesota
startribune.com,Sitemap-only URL filter: Somali + (Fraud/FeedingOurFuture OR ICE/Immigration) + Minnesota anchors,,,,https://www.startribune.com/readers-write-trump-case-guns-minneapolis-police-gov-walz/600264273/,,Politics;ICE/Immigration;Minnesota
startribune.com,Sitemap-only URL filter: Somali + (Fraud/FeedingOurFuture OR ICE/Immigration) + Minnesota anchors,,,,https://www.startribune.com/minnesota-republicans-democrats-are-polarized-by-trump-indictment/600263802/,,Politics;Fraud/SocialPrograms;Minnesota
startribune.com,Sitemap-only URL filter: Somali + (Fraud/FeedingOurFuture OR ICE/Immigration) + Minnesota anchors,,,,https://www.startribune.com/minnesota-education-department-regulations-legislation-meal-programs-feeding-our-future-case/600267525/,,FeedingOurFuture;Fraud/SocialPrograms;Minnesota
startribune.com,Sitemap-only URL filter: Somali + (Fraud/FeedingOurFuture OR ICE/Immigration) + Minnesota anchors,,,,https://www.startribune.com/minnesota-attorney-general-lawsuit-edina-nonprofit-feeding-our-future-thinktechact-foundation/600256098/,,FeedingOurFuture;Fraud/SocialPrograms;Minnesota
startribune.com,Sitemap-only URL filter: Somali + (Fraud/FeedingOurFuture OR ICE/Immigration) + Minnesota anchors,,,,https://www.startribune.com/minnesota-republicans-criticize-trump-indictment-while-democrats-stress-no-one-is-above-the-law/600263350/,,Politics;Fraud/SocialPrograms;Minnesota
startribune.com,Sitemap-only URL filter: Somali + (Fraud/FeedingOurFuture OR ICE/Immigration) + Minnesota anchors,,,,https://www.startribune.com/feds-charge-10-new-people-in-feeding-our-future-fraud-probe-meals-minnesota-pandemic-scandal/600258455/,,FeedingOurFuture;Fraud/SocialPrograms;Minnesota
startribune.com,Sitemap-only URL filter: Somali + (Fraud/FeedingOurFuture OR ICE/Immigration) + Minnesota anchors,,,,https://www.startribune.com/minnesota-legislature-auditor-report-oversight-grants-nonprofits-feeding-our-future-fraud/600248673/,,FeedingOurFuture;Fraud/SocialPrograms;Minnesota
startribune.com,Sitemap-only URL filter: Somali + (Fraud/FeedingOurFuture OR ICE/Immigration) + Minnesota anchors,,,,https://www.startribune.com/minnesota-court-of-appeals-denies-nonprofit-rejected-meals-program-fbi-feeding-our-future-fraud/600252267/,,FeedingOurFuture;Fraud/SocialPrograms;Minnesota
startribune.com,Sitemap-only URL filter: Somali + (Fraud/FeedingOurFuture OR ICE/Immigration) + Minnesota anchors,,,,https://www.startribune.com/feeding-our-future-fraud-investigation-casts-scrutiny-on-minnesota-nonprofits/600238797/,,FeedingOurFuture;Fraud/SocialPrograms;Minnesota
startribune.com,Sitemap-only URL filter: Somali + (Fraud/FeedingOurFuture OR ICE/Immigration) + Minnesota anchors,,,,https://www.startribune.com/minnesota-food-programs-return-to-pre-pandemic-rules-after-feeding-our-future-scandal/600212679/,,FeedingOurFuture;Fraud/SocialPrograms;Minnesota
startribune.com,Sitemap-only URL filter: Somali + (Fraud/FeedingOurFuture OR ICE/Immigration) + Minnesota anchors,,,,https://www.startribune.com/could-minnesota-officials-have-stopped-feeding-our-future-fraud-sooner/600219698/,,FeedingOurFuture;Fraud/SocialPrograms;Minnesota
startribune.com,Sitemap-only URL filter: Somali + (Fraud/FeedingOurFuture OR ICE/Immigration) + Minnesota anchors,,,,https://www.startribune.com/vice-president-kamala-harris-visits-minnesota-for-abortion-event-fundraiser-for-gov-tim-walz/600218097/,,Politics;ICE/Immigration;Minnesota
startribune.com,Sitemap-only URL filter: Somali + (Fraud/FeedingOurFuture OR ICE/Immigration) + Minnesota anchors,,,,https://www.startribune.com/minnesota-department-of-education-seeks-over-500k-in-legal-fees-from-feeding-our-future/600209362/,,FeedingOurFuture;Fraud/SocialPrograms;Minnesota
startribune.com,Sitemap-only URL filter: Somali + (Fraud/FeedingOurFuture OR ICE/Immigration) + Minnesota anchors,,,,https://www.startribune.com/dispute-between-feeding-our-future-and-minneapolis-site-alleges-a-system-of-kickbacks-inflated-meals/600209080/,,FeedingOurFuture;Fraud/SocialPrograms;Minnesota
startribune.com,Sitemap-only URL filter: Somali + (Fraud/FeedingOurFuture OR ICE/Immigration) + Minnesota anchors,,,,https://www.startribune.com/feeding-our-future-nonprofit-children-food-aid-fraud-charges-indictment-minnesota/600208596/,,FeedingOurFuture;Fraud/SocialPrograms;Minnesota
startribune.com,Sitemap-only URL filter: Somali + (Fraud/FeedingOurFuture OR ICE/Immigration) + Minnesota anchors,,,,https://www.startribune.com/minneapolis-mayor-frey-outlines-spending-plan-focused-on-safety-other-services/600198448/,,Politics;ICE/Immigration;Minnesota
startribune.com,Sitemap-only URL filter: Somali + (Fraud/FeedingOurFuture OR ICE/Immigration) + Minnesota anchors,,,,https://www.startribune.com/minneapolis-mayor-freys-community-safety-group-rolls-out-proposals-to-reform-police-department/600185760/,,Politics;ICE/Immigration;Minnesota
startribune.com,Sitemap-only URL filter: Somali + (Fraud/FeedingOurFuture OR ICE/Immigration) + Minnesota anchors,,,,https://www.startribune.com/mayor-frey-announces-new-discipline-grid-for-minneapolis-officers-who-break-the-rules/600181785/,,Politics;ICE/Immigration;Minnesota
startribune.com,Sitemap-only URL filter: Somali + (Fraud/FeedingOurFuture OR ICE/Immigration) + Minnesota anchors,,,,https://www.startribune.com/minnesota-somali-singer-fights-deportation-as-he-faces-death-threats-in-native-country/600174431/,,Somali;ICE/Immigration;Minnesota
startribune.com,Sitemap-only URL filter: Somali + (Fraud/FeedingOurFuture OR ICE/Immigration) + Minnesota anchors,,,,https://www.startribune.com/minneapolis-council-blocks-chamber-consulting-gift-to-improve-mayor-freys-office-efficiency/600168872/,,Politics;ICE/Immigration;Minnesota
startribune.com,Sitemap-only URL filter: Somali + (Fraud/FeedingOurFuture OR ICE/Immigration) + Minnesota anchors,,,,https://www.startribune.com/mayor-frey-plan-arpa-funding-for-violence-prevention-housing-mental-health-services-minneapolis/600168130/,,Politics;ICE/Immigration;Minnesota
startribune.com,Sitemap-only URL filter: Somali + (Fraud/FeedingOurFuture OR ICE/Immigration) + Minnesota anchors,,,,https://www.startribune.com/minneapolis-chamber-would-offer-mayor-frey-advice-on-how-to-improve-efficiency-if-council-signs-off/600167854/,,Politics;ICE/Immigration;Minnesota
startribune.com,Sitemap-only URL filter: Somali + (Fraud/FeedingOurFuture OR ICE/Immigration) + Minnesota anchors,,,,https://www.startribune.com/judge-to-oversee-dissolution-of-minnesota-nonprofit-feeding-our-future/600164336/,,FeedingOurFuture;Fraud/SocialPrograms;Minnesota
startribune.com,Sitemap-only URL filter: Somali + (Fraud/FeedingOurFuture OR ICE/Immigration) + Minnesota anchors,,,,https://www.startribune.com/george-floyd-minneapolis-police-department-protests-city-council-report-jacob-frey-derek-chauvin/600154122/,,Politics;ICE/Immigration;Minnesota
startribune.com,Sitemap-only URL filter: Somali + (Fraud/FeedingOurFuture OR ICE/Immigration) + Minnesota anchors,,,,https://www.startribune.com/feeding-our-future-fraud-investigation-casts-scrutiny-on-minnesota-nonprofit-oversight/600153018/,,FeedingOurFuture;Fraud/SocialPrograms;Minnesota
startribune.com,Sitemap-only URL filter: Somali + (Fraud/FeedingOurFuture OR ICE/Immigration) + Minnesota anchors,,,,https://www.startribune.com/minnesota-attorney-generals-office-seeks-court-supervision-of-feeding-our-future-closure/600152588/,,FeedingOurFuture;Fraud/SocialPrograms;ICE/Immigration;Minnesota
startribune.com,Sitemap-only URL filter: Somali + (Fraud/FeedingOurFuture OR ICE/Immigration) + Minnesota anchors,,,,https://www.startribune.com/feeding-our-future-sought-minneapolis-help-with-the-state/600160494/,,FeedingOurFuture;Fraud/SocialPrograms;Minnesota
startribune.com,Sitemap-only URL filter: Somali + (Fraud/FeedingOurFuture OR ICE/Immigration) + Minnesota anchors,,,,https://www.startribune.com/minneapolis-mayor-frey-unveils-proposal-to-create-community-safety-office/600158460/,,Politics;ICE/Immigration;Minnesota
startribune.com,Sitemap-only URL filter: Somali + (Fraud/FeedingOurFuture OR ICE/Immigration) + Minnesota anchors,,,,https://www.startribune.com/readers-write-don-samuels-vs-ilhan-omar-minneapolis-police-contract-teachers-strike/600158434/,,Somali;Politics;ICE/Immigration;Minnesota
startribune.com,Sitemap-only URL filter: Somali + (Fraud/FeedingOurFuture OR ICE/Immigration) + Minnesota anchors,,,,https://www.startribune.com/what-to-know-about-fraud-investigation-minnesota-nonprofit-feeding-our-future/600150816/,,FeedingOurFuture;Fraud/SocialPrograms;Minnesota
startribune.com,Sitemap-only URL filter: Somali + (Fraud/FeedingOurFuture OR ICE/Immigration) + Minnesota anchors,,,,https://www.startribune.com/minneapolis-mayor-freys-credibility-on-police-battered-by-false-claims-about-reform/600148638/,,Politics;ICE/Immigration;Minnesota
startribune.com,Sitemap-only URL filter: Somali + (Fraud/FeedingOurFuture OR ICE/Immigration) + Minnesota anchors,,,,https://www.startribune.com/mask-mandate-minneapolis-covid-19-mayor-jacob-frey/600133389/,,Politics;Fraud/SocialPrograms;Minnesota
startribune.com,Sitemap-only URL filter: Somali + (Fraud/FeedingOurFuture OR ICE/Immigration) + Minnesota anchors,,,,https://www.startribune.com/frey-osman-met-with-minnesota-education-officials-after-it-halted-payments-to-feeding-our-future/600140795/,,FeedingOurFuture;Fraud/SocialPrograms;Minnesota
startribune.com,Sitemap-only URL filter: Somali + (Fraud/FeedingOurFuture OR ICE/Immigration) + Minnesota anchors,,,,https://www.startribune.com/minneapolis-mayor-freys-plan-to-hire-190-police-officers-is-a-heavy-lift/600138566/,,Politics;ICE/Immigration;Minnesota
startribune.com,Sitemap-only URL filter: Somali + (Fraud/FeedingOurFuture OR ICE/Immigration) + Minnesota anchors,,,,https://www.startribune.com/minneapolis-mayor-jacob-frey-vows-to-bolster-police-staffing-counter-wave-of-youth-driven-robberies/600127831/,,Politics;ICE/Immigration;Minnesota
startribune.com,Sitemap-only URL filter: Somali + (Fraud/FeedingOurFuture OR ICE/Immigration) + Minnesota anchors,,,,https://www.startribune.com/minnesota-poll-minneapolis-mayor-jacob-frey-city-council-rent-control-powers-police-department-mpd/600097980/,,Politics;ICE/Immigration;Minnesota
startribune.com,Sitemap-only URL filter: Somali + (Fraud/FeedingOurFuture OR ICE/Immigration) + Minnesota anchors,,,,https://www.startribune.com/minneapolis-mayor-jacob-frey-unveils-plan-to-boost-police-funding-closer-to-prior-levels/600087664/,,Politics;ICE/Immigration;Minnesota
startribune.com,Sitemap-only URL filter: Somali + (Fraud/FeedingOurFuture OR ICE/Immigration) + Minnesota anchors,,,,https://www.startribune.com/minnesota-legislators-end-gov-tim-walz-s-covid-powers-july-1-as-part-of-budget-deal/600073337/,,Politics;Fraud/SocialPrograms;Minnesota
startribune.com,Sitemap-only URL filter: Somali + (Fraud/FeedingOurFuture OR ICE/Immigration) + Minnesota anchors,,,,https://www.startribune.com/gov-tim-walz-on-police-reform-minnesota-needs-to-heal/600056532/,,Politics;ICE/Immigration;Minnesota
startribune.com,Sitemap-only URL filter: Somali + (Fraud/FeedingOurFuture OR ICE/Immigration) + Minnesota anchors,,,,https://www.startribune.com/minneapolis-mayor-jacob-frey-vetoes-park-board-action-that-booted-state-patrol-from-its-office/600049498/,,Politics;ICE/Immigration;Minnesota
startribune.com,Sitemap-only URL filter: Somali + (Fraud/FeedingOurFuture OR ICE/Immigration) + Minnesota anchors,,,,https://www.startribune.com/minnesota-immigration-countries-top-five-mexico-somalia-india-laos-vietnam/600032203/,,Somali;ICE/Immigration;Minnesota
startribune.com,Sitemap-only URL filter: Somali + (Fraud/FeedingOurFuture OR ICE/Immigration) + Minnesota anchors,,,,https://www.startribune.com/minnesota-s-mike-lindell-among-last-remaining-election-fraud-crusaders-for-trump/600014348/,,Politics;Fraud/SocialPrograms;Minnesota
startribune.com,Sitemap-only URL filter: Somali + (Fraud/FeedingOurFuture OR ICE/Immigration) + Minnesota anchors,,,,https://www.startribune.com/since-fired-minneapolis-officer-invoked-black-hawk-down-in-2015-traffic-stop-of-somali-teens-records/573422381/,,Somali;ICE/Immigration;Minnesota
startribune.com,Sitemap-only URL filter: Somali + (Fraud/FeedingOurFuture OR ICE/Immigration) + Minnesota anchors,,,,https://www.startribune.com/minnesota-gov-tim-walz-to-loosen-covid-restrictions-on-bars-gyms-and-youth-sports/573406241/,,Politics;Fraud/SocialPrograms;Minnesota
startribune.com,Sitemap-only URL filter: Somali + (Fraud/FeedingOurFuture OR ICE/Immigration) + Minnesota anchors,,,,https://www.startribune.com/minneapolis-mayor-jacob-frey-signs-new-budget-with-police-changes/573371971/,,Politics;ICE/Immigration;Minnesota
startribune.com,Sitemap-only URL filter: Somali + (Fraud/FeedingOurFuture OR ICE/Immigration) + Minnesota anchors,,,,https://www.startribune.com/divided-minneapolis-council-keeps-mayor-jacob-freys-target-for-a-larger-police-force/573343121/,,Politics;ICE/Immigration;Minnesota
startribune.com,Sitemap-only URL filter: Somali + (Fraud/FeedingOurFuture OR ICE/Immigration) + Minnesota anchors,,,,https://www.startribune.com/man-charged-with-assaulting-minnesota-couple-says-he-was-angry-about-their-anti-trump-sign/573039881/,,Politics;Fraud/SocialPrograms;Minnesota
startribune.com,Sitemap-only URL filter: Somali + (Fraud/FeedingOurFuture OR ICE/Immigration) + Minnesota anchors,,,,https://www.startribune.com/readers-write-election-results-trump-s-behavior-alligator-killed-in-minnesota-armistice-day/573035131/,,Politics;ICE/Immigration;Minnesota
startribune.com,Sitemap-only URL filter: Somali + (Fraud/FeedingOurFuture OR ICE/Immigration) + Minnesota anchors,,,,https://www.startribune.com/minnesota-sports-unchanged-by-gov-tim-walz-s-new-covid-restrictions-on-gatherings/573034271/,,Politics;Fraud/SocialPrograms;Minnesota
startribune.com,Sitemap-only URL filter: Somali + (Fraud/FeedingOurFuture OR ICE/Immigration) + Minnesota anchors,,,,https://www.startribune.com/watch-live-gov-tim-walz-s-briefing-on-covid-19-in-minnesota/573030911/,,Politics;Fraud/SocialPrograms;Minnesota
startribune.com,Sitemap-only URL filter: Somali + (Fraud/FeedingOurFuture OR ICE/Immigration) + Minnesota anchors,,,,https://www.startribune.com/trump-official-asks-minneapolis-police-union-to-recruit-retired-cops-as-poll-challengers-on-election-day/572904421/,,Politics;ICE/Immigration;Minnesota
startribune.com,Sitemap-only URL filter: Somali + (Fraud/FeedingOurFuture OR ICE/Immigration) + Minnesota anchors,,,,https://www.startribune.com/minnesota-attorney-general-state-gop-spar-over-covid-19-requirements-for-eric-trump-rally/572731731/,,Politics;Fraud/SocialPrograms;Minnesota
startribune.com,Sitemap-only URL filter: Somali + (Fraud/FeedingOurFuture OR ICE/Immigration) + Minnesota anchors,,,,https://www.startribune.com/southern-minnesota-man-charged-with-misdemeanor-assault-of-wcco-journalist-near-trump-rally-in-duluth/572682392/,,Politics;Fraud/SocialPrograms;Minnesota
startribune.com,Sitemap-only URL filter: Somali + (Fraud/FeedingOurFuture OR ICE/Immigration) + Minnesota anchors,,,,https://www.startribune.com/readers-write-the-minnesota-republican-response-to-covid-19-trump-s-diagnosis-little-sisters-of-the-poor-democracy-and-the-internet/572627201/,,Politics;Fraud/SocialPrograms;Minnesota
startribune.com,Sitemap-only URL filter: Somali + (Fraud/FeedingOurFuture OR ICE/Immigration) + Minnesota anchors,,,,https://www.startribune.com/minnesota-health-officials-assess-covid-19-rally-risks-beyond-trump/572618652/,,Politics;Fraud/SocialPrograms;Minnesota
startribune.com,Sitemap-only URL filter: Somali + (Fraud/FeedingOurFuture OR ICE/Immigration) + Minnesota anchors,,,,https://www.startribune.com/minnesota-poll-takeaways-2020-presidential-election-trump-biden-tina-smith-jason-lewis-senate-walz-covid-19-vaccine-race-police-black-lives-matter-blm/572607091/,,Politics;Fraud/SocialPrograms;ICE/Immigration;Minnesota
startribune.com,Sitemap-only URL filter: Somali + (Fraud/FeedingOurFuture OR ICE/Immigration) + Minnesota anchors,,,,https://www.startribune.com/readers-write-trump-s-debts-minneapolis-police-excelsior-construction-rules/572580172/,,Politics;Fraud/SocialPrograms;ICE/Immigration;Minnesota
startribune.com,Sitemap-only URL filter: Somali + (Fraud/FeedingOurFuture OR ICE/Immigration) + Minnesota anchors,,,,https://www.startribune.com/trump-seizes-on-conservative-group-s-claim-of-fraud-in-minneapolis-election/572566832/,,Politics;Fraud/SocialPrograms;Minnesota
startribune.com,Sitemap-only URL filter: Somali + (Fraud/FeedingOurFuture OR ICE/Immigration) + Minnesota anchors,,,,https://www.startribune.com/readers-write-2020-election-trump-s-potential-loss-minneapolis-police/572541701/,,Politics;ICE/Immigration;Minnesota
startribune.com,Sitemap-only URL filter: Somali + (Fraud/FeedingOurFuture OR ICE/Immigration) + Minnesota anchors,,,,https://www.startribune.com/vice-president-mike-pence-and-ivanka-trump-come-to-minneapolis/572524201/,,Politics;ICE/Immigration;Minnesota
startribune.com,Sitemap-only URL filter: Somali + (Fraud/FeedingOurFuture OR ICE/Immigration) + Minnesota anchors,,,,https://www.startribune.com/minnesota-poll-takeaways-minneapolis-police-department-jacob-frey-city-council-mpd-bob-kroll-black-lives-matter-defund-dismantle-reform/572181641/,,Politics;ICE/Immigration;Minnesota
startribune.com,Sitemap-only URL filter: Somali + (Fraud/FeedingOurFuture OR ICE/Immigration) + Minnesota anchors,,,,https://www.startribune.com/readers-write-protest-locations-the-trump-campaign-and-russia-bill-clinton-at-the-convention-police-contracts-debating-minneapolis/572165172/,,Politics;ICE/Immigration;Minnesota
startribune.com,Sitemap-only URL filter: Somali + (Fraud/FeedingOurFuture OR ICE/Immigration) + Minnesota anchors,,,,https://www.startribune.com/readers-write-homeless-encampments-minneapolis-police-trump-in-minnesota-postal-service/572143342/,,Politics;ICE/Immigration;Minnesota
startribune.com,Sitemap-only URL filter: Somali + (Fraud/FeedingOurFuture OR ICE/Immigration) + Minnesota anchors,,,,https://www.startribune.com/readers-write-trump-and-the-post-office-covid-risks-minneapolis-cleanup/572119122/,,Politics;Fraud/SocialPrograms;ICE/Immigration;Minnesota
startribune.com,Sitemap-only URL filter: Somali + (Fraud/FeedingOurFuture OR ICE/Immigration) + Minnesota anchors,,,,https://www.startribune.com/minnesota-poll-full-results-minneapolis-defund-police-department-city-council-mayor-jacob-frey-dismantle-reform-george-floyd-mpd/572109911/,,Politics;ICE/Immigration;Minnesota
startribune.com,Sitemap-only URL filter: Somali + (Fraud/FeedingOurFuture OR ICE/Immigration) + Minnesota anchors,,,,https://www.startribune.com/ivanka-trump-promotes-native-justice-and-workers-pledge-during-minnesota-visit/571920882/,,Politics;ICE/Immigration;Minnesota
startribune.com,Sitemap-only URL filter: Somali + (Fraud/FeedingOurFuture OR ICE/Immigration) + Minnesota anchors,,,,https://www.startribune.com/readers-write-defunding-minneapolis-police-mayor-jacob-frey-holy-land-boycotts/571115372/,,Politics;ICE/Immigration;Minnesota
startribune.com,Sitemap-only URL filter: Somali + (Fraud/FeedingOurFuture OR ICE/Immigration) + Minnesota anchors,,,,https://www.startribune.com/congress-sends-trump-covid-relief-bill-backed-by-minnesota-s-phillips/571019192/,,Politics;Fraud/SocialPrograms;Minnesota
startribune.com,Sitemap-only URL filter: Somali + (Fraud/FeedingOurFuture OR ICE/Immigration) + Minnesota anchors,,,,https://www.startribune.com/small-minnesota-bail-nonprofit-pulled-into-presidential-politics-draws-trump-criticism/570980942/,,Politics;Fraud/SocialPrograms;Minnesota
startribune.com,Sitemap-only URL filter: Somali + (Fraud/FeedingOurFuture OR ICE/Immigration) + Minnesota anchors,,,,https://www.startribune.com/gov-tim-walz-minnesota-officials-talk-about-state-investigation-into-minneapolis-police-department/570964552/,,Politics;ICE/Immigration;Minnesota
startribune.com,Sitemap-only URL filter: Somali + (Fraud/FeedingOurFuture OR ICE/Immigration) + Minnesota anchors,,,,https://www.startribune.com/minneapolis-mayor-frey-calls-for-peace-as-looting-flames-erupt-around-police-station/570816112/,,Politics;ICE/Immigration;Minnesota
startribune.com,Sitemap-only URL filter: Somali + (Fraud/FeedingOurFuture OR ICE/Immigration) + Minnesota anchors,,,,https://www.startribune.com/as-mayor-frey-calls-for-officer-s-arrest-violence-intensifies-in-minneapolis/570804062/,,Politics;ICE/Immigration;Minnesota
startribune.com,Sitemap-only URL filter: Somali + (Fraud/FeedingOurFuture OR ICE/Immigration) + Minnesota anchors,,,,https://www.startribune.com/this-won-t-be-the-last-hard-day-minnesota-gov-tim-walz-says-as-daily-covid-deaths-hit-28/569963432/,,Politics;Fraud/SocialPrograms;Minnesota
startribune.com,Sitemap-only URL filter: Somali + (Fraud/FeedingOurFuture OR ICE/Immigration) + Minnesota anchors,,,,https://www.startribune.com/as-governors-battle-trump-over-pandemic-walz-plays-minnesota-nice/569772672/,,Politics;ICE/Immigration;Minnesota
startribune.com,Sitemap-only URL filter: Somali + (Fraud/FeedingOurFuture OR ICE/Immigration) + Minnesota anchors,,,,https://www.startribune.com/trump-issues-major-disaster-declaration-for-covid-19-in-minnesota/569453582/,,Politics;Fraud/SocialPrograms;Minnesota
startribune.com,Sitemap-only URL filter: Somali + (Fraud/FeedingOurFuture OR ICE/Immigration) + Minnesota anchors,,,,https://www.startribune.com/minnesota-gov-tim-walz-requests-federal-covid-19-disaster-relief/569395782/,,Politics;Fraud/SocialPrograms;Minnesota
startribune.com,Sitemap-only URL filter: Somali + (Fraud/FeedingOurFuture OR ICE/Immigration) + Minnesota anchors,,,,https://www.startribune.com/gov-tim-walz-says-minnesota-stay-home-order-working-but-covid-surge-still-coming/569357222/,,Politics;Fraud/SocialPrograms;Minnesota
startribune.com,Sitemap-only URL filter: Somali + (Fraud/FeedingOurFuture OR ICE/Immigration) + Minnesota anchors,,,,https://www.startribune.com/minnesota-nonprofits-boost-culturally-specific-mental-health-programs-for-somali-americans/568399982/,,Somali;Fraud/SocialPrograms;Minnesota
startribune.com,Sitemap-only URL filter: Somali + (Fraud/FeedingOurFuture OR ICE/Immigration) + Minnesota anchors,,,,https://www.startribune.com/policy-aide-for-minneapolis-mayor-frey-voice-for-criminal-justice-reform-charged-with-gun-drugs/567586032/,,Politics;Fraud/SocialPrograms;ICE/Immigration;Minnesota
startribune.com,Sitemap-only URL filter: Somali + (Fraud/FeedingOurFuture OR ICE/Immigration) + Minnesota anchors,,,,https://www.startribune.com/minnesota-s-pope-county-in-trump-country-votes-unanimously-to-welcome-refugees/567494922/,,Politics;ICE/Immigration;Minnesota
startribune.com,Sitemap-only URL filter: Somali + (Fraud/FeedingOurFuture OR ICE/Immigration) + Minnesota anchors,,,,https://www.startribune.com/justices-reject-challenge-to-minnesota-gop-s-trump-only-primary-ballot/566856442/,,Politics;ICE/Immigration;Minnesota
startribune.com,Sitemap-only URL filter: Somali + (Fraud/FeedingOurFuture OR ICE/Immigration) + Minnesota anchors,,,,https://www.startribune.com/curious-minnesota-episode-2-how-did-the-twin-cities-become-a-hub-for-somali-immigrants/566354611/,,Somali;Fraud/SocialPrograms;Minnesota
startribune.com,Sitemap-only URL filter: Somali + (Fraud/FeedingOurFuture OR ICE/Immigration) + Minnesota anchors,,,,https://www.startribune.com/gov-tim-walz-to-trump-on-refugees-the-inn-is-not-full-in-minnesota/566179451/,,Politics;ICE/Immigration;Minnesota
startribune.com,Sitemap-only URL filter: Somali + (Fraud/FeedingOurFuture OR ICE/Immigration) + Minnesota anchors,,,,https://www.startribune.com/minneapolis-mayor-frey-wants-city-to-hire-train-new-class-of-police-cadets/565889692/,,Politics;ICE/Immigration;Minnesota
startribune.com,Sitemap-only URL filter: Somali + (Fraud/FeedingOurFuture OR ICE/Immigration) + Minnesota anchors,,,,https://www.startribune.com/minnesota-health-care-providers-try-to-calm-immigrants-fears-following-trump-proposal/564530812/,,Politics;Fraud/SocialPrograms;Minnesota
startribune.com,Sitemap-only URL filter: Somali + (Fraud/FeedingOurFuture OR ICE/Immigration) + Minnesota anchors,,,,https://www.startribune.com/readers-write-train-lines-ukraine-ambassador-st-paul-trash-system-william-barr-police-and-trump/563241052/,,Politics;ICE/Immigration;Minnesota
startribune.com,Sitemap-only URL filter: Somali + (Fraud/FeedingOurFuture OR ICE/Immigration) + Minnesota anchors,,,,https://www.startribune.com/vice-president-mike-pence-to-campaign-in-lakeville-before-rallying-with-president-trump-in-minneapolis/562737762/,,Politics;ICE/Immigration;Minnesota
startribune.com,Sitemap-only URL filter: Somali + (Fraud/FeedingOurFuture OR ICE/Immigration) + Minnesota anchors,,,,https://www.startribune.com/trump-supporters-rally-outside-mayor-frey-s-office-in-minneapolis/562649912/,,Politics;ICE/Immigration;Minnesota
startribune.com,Sitemap-only URL filter: Somali + (Fraud/FeedingOurFuture OR ICE/Immigration) + Minnesota anchors,,,,https://www.startribune.com/minneapolis-police-union-selling-cops-for-trump-t-shirts-day-after-ban-on-uniforms-at-political-events/562372802/,,Politics;ICE/Immigration;Minnesota
startribune.com,Sitemap-only URL filter: Somali + (Fraud/FeedingOurFuture OR ICE/Immigration) + Minnesota anchors,,,,https://www.startribune.com/readers-write-refugee-resettlement-trump-s-minneapolis-rally-amy-klobuchar-s-campaign-ukraine-call/561570752/,,Politics;ICE/Immigration;Minnesota
startribune.com,Sitemap-only URL filter: Somali + (Fraud/FeedingOurFuture OR ICE/Immigration) + Minnesota anchors,,,,https://www.startribune.com/readers-write-minneapolis-rezoning-trump-and-impeachment-climate-change-action-police-brutality/561570102/,,Politics;ICE/Immigration;Minnesota
startribune.com,Sitemap-only URL filter: Somali + (Fraud/FeedingOurFuture OR ICE/Immigration) + Minnesota anchors,,,,https://www.startribune.com/trump-attacks-immigrants-again-striking-fear-in-minnesota/545324952/,,Politics;Fraud/SocialPrograms;Minnesota
startribune.com,Sitemap-only URL filter: Somali + (Fraud/FeedingOurFuture OR ICE/Immigration) + Minnesota anchors,,,,https://www.startribune.com/minneapolis-mayor-jacob-frey-nominates-kim-keller-to-stay-on-as-regulatory-services-head/510790912/,,Politics;ICE/Immigration;Minnesota
startribune.com,Sitemap-only URL filter: Somali + (Fraud/FeedingOurFuture OR ICE/Immigration) + Minnesota anchors,,,,https://www.startribune.com/how-did-the-twin-cities-and-minnesota-become-a-hub-for-somali-immigrants/510139341/,,Somali;Fraud/SocialPrograms;Minnesota
startribune.com,Sitemap-only URL filter: Somali + (Fraud/FeedingOurFuture OR ICE/Immigration) + Minnesota anchors,,,,https://www.startribune.com/first-somali-immigrant-to-lead-minneapolis-public-housing-board/510076092/,,Somali;Fraud/SocialPrograms;Minnesota
startribune.com,Sitemap-only URL filter: Somali + (Fraud/FeedingOurFuture OR ICE/Immigration) + Minnesota anchors,,,,https://www.startribune.com/mayor-frey-minneapolis-police-union-agrees-to-warrior-training-ban/509112392/,,Politics;ICE/Immigration;Minnesota
startribune.com,Sitemap-only URL filter: Somali + (Fraud/FeedingOurFuture OR ICE/Immigration) + Minnesota anchors,,,,https://www.startribune.com/somali-born-u-s-citizen-arrested-in-minneapolis-charged-with-taking-journalist-captive/506180362/,,Somali;Fraud/SocialPrograms;Minnesota
startribune.com,Sitemap-only URL filter: Somali + (Fraud/FeedingOurFuture OR ICE/Immigration) + Minnesota anchors,,,,https://www.startribune.com/minnesotans-in-poll-object-to-trump-immigration-policies-split-over-refugee-resettlement/498608771/,,Politics;ICE/Immigration;Minnesota
startribune.com,Sitemap-only URL filter: Somali + (Fraud/FeedingOurFuture OR ICE/Immigration) + Minnesota anchors,,,,https://www.startribune.com/trump-proposal-stokes-anxiety-among-minnesota-immigrants/494863241/,,Politics;Fraud/SocialPrograms;Minnesota
startribune.com,Sitemap-only URL filter: Somali + (Fraud/FeedingOurFuture OR ICE/Immigration) + Minnesota anchors,,,,https://www.startribune.com/under-trump-proposal-minnesota-immigrants-might-avoid-medical-care/490069101/,,Politics;Fraud/SocialPrograms;Minnesota
startribune.com,Sitemap-only URL filter: Somali + (Fraud/FeedingOurFuture OR ICE/Immigration) + Minnesota anchors,,,,https://www.startribune.com/readers-write-fear-based-police-training-trump-at-nato-summit-student-debt-minneapolis-2040-plan/488059991/,,Politics;Fraud/SocialPrograms;ICE/Immigration;Minnesota
startribune.com,Sitemap-only URL filter: Somali + (Fraud/FeedingOurFuture OR ICE/Immigration) + Minnesota anchors,,,,https://www.startribune.com/readers-write-president-donald-trump-visits-minnesota-and-paul-gazelka-rides-with-him-immigration-public-sector-labor-unions/486323931/,,Politics;ICE/Immigration;Minnesota
startribune.com,Sitemap-only URL filter: Somali + (Fraud/FeedingOurFuture OR ICE/Immigration) + Minnesota anchors,,,,https://www.startribune.com/despite-trump-s-reversal-minnesotans-say-the-fight-over-immigration-policies-isn-t-over/486086611/,,Politics;ICE/Immigration;Minnesota
startribune.com,Sitemap-only URL filter: Somali + (Fraud/FeedingOurFuture OR ICE/Immigration) + Minnesota anchors,,,,https://www.startribune.com/readers-write-joggers-vs-runners-abortion-and-the-university-of-minnesota-medical-school-gun-violence-trump-and-immigration-self-driving-cars-vs-light-rail/483084321/,,Politics;ICE/Immigration;Minnesota
startribune.com,Sitemap-only URL filter: Somali + (Fraud/FeedingOurFuture OR ICE/Immigration) + Minnesota anchors,,,,https://www.startribune.com/readers-write-freeway-protest-legislation-iran-deal-pullout-trump-s-influences-representation-lobbying-minneapolis-police-appearances/482334981/,,Politics;ICE/Immigration;Minnesota
startribune.com,Sitemap-only URL filter: Somali + (Fraud/FeedingOurFuture OR ICE/Immigration) + Minnesota anchors,,,,https://www.startribune.com/as-the-united-states-seeks-to-deport-more-somalis-minnesota-attorneys-push-back/479535393/,,Somali;ICE/Immigration;Minnesota
startribune.com,Sitemap-only URL filter: Somali + (Fraud/FeedingOurFuture OR ICE/Immigration) + Minnesota anchors,,,,https://www.startribune.com/trump-adminstration-announces-end-of-deportation-reprieve-for-liberians-in-minnesota-elsewhere/478084833/,,Politics;ICE/Immigration;Minnesota
startribune.com,Sitemap-only URL filter: Somali + (Fraud/FeedingOurFuture OR ICE/Immigration) + Minnesota anchors,,,,https://www.startribune.com/minnesota-employers-of-skilled-immigrant-workers-say-trump-aims-to-shame-not-reform/459980173/,,Politics;Fraud/SocialPrograms;Minnesota
startribune.com,Sitemap-only URL filter: Somali + (Fraud/FeedingOurFuture OR ICE/Immigration) + Minnesota anchors,,,,https://www.startribune.com/minnesota-s-mexican-consulate-responds-to-trump-s-immigration-changes/459836643/,,Politics;ICE/Immigration;Minnesota
startribune.com,Sitemap-only URL filter: Somali + (Fraud/FeedingOurFuture OR ICE/Immigration) + Minnesota anchors,,,,https://www.startribune.com/r-t-rybak-to-help-lead-jacob-frey-s-transition-to-minneapolis-mayor-s-office/457796633/,,Politics;ICE/Immigration;Minnesota
startribune.com,Sitemap-only URL filter: Somali + (Fraud/FeedingOurFuture OR ICE/Immigration) + Minnesota anchors,,,,https://www.startribune.com/readers-write-immigration-coverage-of-president-donald-trump-liberal-response-to-katherine-kersten-st-paul-schools-superintendent-buyout-housing-and-the-mortgage-deduction/450498243/,,Politics;ICE/Immigration;Minnesota
startribune.com,Sitemap-only URL filter: Somali + (Fraud/FeedingOurFuture OR ICE/Immigration) + Minnesota anchors,,,,https://www.startribune.com/minneapolis-mayoral-race-jacob-frey-reject-the-false-choice-of-safety-vs-justice/450498163/,,Politics;ICE/Immigration;Minnesota
startribune.com,Sitemap-only URL filter: Somali + (Fraud/FeedingOurFuture OR ICE/Immigration) + Minnesota anchors,,,,https://www.startribune.com/council-member-jacob-frey-proposes-boosting-police-presence-in-downtown-minneapolis/448738243/,,Politics;ICE/Immigration;Minnesota
startribune.com,Sitemap-only URL filter: Somali + (Fraud/FeedingOurFuture OR ICE/Immigration) + Minnesota anchors,,,,https://www.startribune.com/readers-write-police-and-body-cameras-the-trump-presidency-vietnam-war-series-governor-legislature-dispute-bike-lanes-in-minneapolis/445856293/,,Politics;ICE/Immigration;Minnesota
startribune.com,Sitemap-only URL filter: Somali + (Fraud/FeedingOurFuture OR ICE/Immigration) + Minnesota anchors,,,,https://www.startribune.com/minnesota-joins-suit-to-block-trump-halt-to-program-for-young-immigrants/443793083/,,Politics;Fraud/SocialPrograms;Minnesota
startribune.com,Sitemap-only URL filter: Somali + (Fraud/FeedingOurFuture OR ICE/Immigration) + Minnesota anchors,,,,https://www.startribune.com/trump-s-ill-timed-plan-to-restrict-immigration-would-hurt-minnesota/439305083/,,Politics;ICE/Immigration;Minnesota
startribune.com,Sitemap-only URL filter: Somali + (Fraud/FeedingOurFuture OR ICE/Immigration) + Minnesota anchors,,,,https://www.startribune.com/readers-write-trump-s-view-of-the-white-house-affordable-housing-fare-increases-for-metro-mobility-and-transit-link-lessons-of-police-shooting-opioid-prescriptions-minneapolis-elections/438193773/,,Politics;ICE/Immigration;Minnesota
startribune.com,Sitemap-only URL filter: Somali + (Fraud/FeedingOurFuture OR ICE/Immigration) + Minnesota anchors,,,,https://www.startribune.com/readers-write-national-leadership-trump-and-transgender-members-of-the-military-trump-s-boy-scout-speech-nfl-brain-injuries-baby-deliveries-in-st-paul-a-slice-of-life/436834583/,,Politics;ICE/Immigration;Minnesota
startribune.com,Sitemap-only URL filter: Somali + (Fraud/FeedingOurFuture OR ICE/Immigration) + Minnesota anchors,,,,https://www.startribune.com/readers-write-mille-lacs-fishing-trump-presidency-minneapolis-police-shooting-of-justine-damond-body-image-and-ditching-the-diet/435922213/,,Politics;ICE/Immigration;Minnesota
startribune.com,Sitemap-only URL filter: Somali + (Fraud/FeedingOurFuture OR ICE/Immigration) + Minnesota anchors,,,,https://www.startribune.com/readers-write-minneapolis-police-shooting-of-justine-damond-administration-of-president-donald-trump/435716133/,,Politics;ICE/Immigration;Minnesota
startribune.com,Sitemap-only URL filter: Somali + (Fraud/FeedingOurFuture OR ICE/Immigration) + Minnesota anchors,,,,https://www.startribune.com/attorney-general-tells-minneapolis-audience-trump-administration-will-crack-down-on-violent-crime-immigration/435002213/,,Politics;ICE/Immigration;Minnesota
startribune.com,Sitemap-only URL filter: Somali + (Fraud/FeedingOurFuture OR ICE/Immigration) + Minnesota anchors,,,,https://www.startribune.com/facebook-s-zuckerberg-dines-with-somali-refugees-in-minneapolis/430348983/,,Somali;ICE/Immigration;Minnesota
startribune.com,Sitemap-only URL filter: Somali + (Fraud/FeedingOurFuture OR ICE/Immigration) + Minnesota anchors,,,,https://www.startribune.com/minnesota-justice-david-stras-trump-s-pick-for-eighth-circuit-ejnoys-broad-swath-of-support/421642283/,,Politics;ICE/Immigration;Minnesota
startribune.com,Sitemap-only URL filter: Somali + (Fraud/FeedingOurFuture OR ICE/Immigration) + Minnesota anchors,,,,https://www.startribune.com/readers-write-may-2-political-leadership-and-diversity-minneapolis-police-mayor-dispute-trump-s-foreign-friends-journalism/420945173/,,Politics;ICE/Immigration;Minnesota
startribune.com,Sitemap-only URL filter: Somali + (Fraud/FeedingOurFuture OR ICE/Immigration) + Minnesota anchors,,,,https://www.startribune.com/readers-write-april-29-talking-about-death-minneapolis-mayor-police-rift-mnsure-enrollment-period-trump-tax-plan-role-of-congress-people-s-wish-for-health-care-policy/420783393/,,Politics;ICE/Immigration;Minnesota
startribune.com,Sitemap-only URL filter: Somali + (Fraud/FeedingOurFuture OR ICE/Immigration) + Minnesota anchors,,,,https://www.startribune.com/readers-write-april-28-trump-tax-plan-minneapolis-police-department-student-fees-kqrs/420668743/,,Politics;ICE/Immigration;Minnesota
startribune.com,Sitemap-only URL filter: Somali + (Fraud/FeedingOurFuture OR ICE/Immigration) + Minnesota anchors,,,,https://www.startribune.com/trump-immigration-order-raises-minnesota-fears-offers-of-sanctuary/414433193/,,Politics;ICE/Immigration;Minnesota
startribune.com,Sitemap-only URL filter: Somali + (Fraud/FeedingOurFuture OR ICE/Immigration) + Minnesota anchors,,,,https://www.startribune.com/4-year-old-somali-refugee-and-mother-thank-minnesotans/412729053/,,Somali;ICE/Immigration;Minnesota
startribune.com,Sitemap-only URL filter: Somali + (Fraud/FeedingOurFuture OR ICE/Immigration) + Minnesota anchors,,,,https://www.startribune.com/citing-trump-minneapolis-somali-nonprofit-rejects-500-000-counterextremism-grant/412514513/,,Somali;Politics;Fraud/SocialPrograms;Minnesota
startribune.com,Sitemap-only URL filter: Somali + (Fraud/FeedingOurFuture OR ICE/Immigration) + Minnesota anchors,,,,https://www.startribune.com/minnesota-suing-trump-administration-over-refugee-order/412498373/,,Politics;ICE/Immigration;Minnesota
startribune.com,Sitemap-only URL filter: Somali + (Fraud/FeedingOurFuture OR ICE/Immigration) + Minnesota anchors,,,,https://www.startribune.com/thousands-march-against-trump-immigration-ban-in-minneapolis/412360963/,,Politics;ICE/Immigration;Minnesota
startribune.com,Sitemap-only URL filter: Somali + (Fraud/FeedingOurFuture OR ICE/Immigration) + Minnesota anchors,,,,https://www.startribune.com/minnesota-residents-caught-in-confusion-around-trump-s-immigration-order/412232243/,,Politics;ICE/Immigration;Minnesota
startribune.com,Sitemap-only URL filter: Somali + (Fraud/FeedingOurFuture OR ICE/Immigration) + Minnesota anchors,,,,https://www.startribune.com/minnesota-s-members-of-congress-respond-to-president-trump-s-executive-order-on-immigration-and-refugees/412231533/,,Politics;ICE/Immigration;Minnesota
startribune.com,Sitemap-only URL filter: Somali + (Fraud/FeedingOurFuture OR ICE/Immigration) + Minnesota anchors,,,,https://www.startribune.com/minnesota-faith-leaders-denounce-trump-immigration-order/412210463/,,Politics;ICE/Immigration;Minnesota
startribune.com,Sitemap-only URL filter: Somali + (Fraud/FeedingOurFuture OR ICE/Immigration) + Minnesota anchors,,,,https://www.startribune.com/minnesota-s-delegation-responds-to-president-trump-s-immigration-order/412182493/,,Politics;ICE/Immigration;Minnesota
startribune.com,Sitemap-only URL filter: Somali + (Fraud/FeedingOurFuture OR ICE/Immigration) + Minnesota anchors,,,,https://www.startribune.com/minnesotans-react-to-trump-order-banning-refugees/412018406/,,Politics;ICE/Immigration;Minnesota
startribune.com,Sitemap-only URL filter: Somali + (Fraud/FeedingOurFuture OR ICE/Immigration) + Minnesota anchors,,,,https://www.startribune.com/trump-s-immigration-order-covers-homelands-of-thousands-of-minnesotans/411786115/,,Politics;ICE/Immigration;Minnesota
startribune.com,Sitemap-only URL filter: Somali + (Fraud/FeedingOurFuture OR ICE/Immigration) + Minnesota anchors,,,,https://www.startribune.com/former-minnesota-comic-tom-arnold-apprentice-outtakes-show-donald-trump-making-racist-comments/408340656/,,Politics;ICE/Immigration;Minnesota
startribune.com,Sitemap-only URL filter: Somali + (Fraud/FeedingOurFuture OR ICE/Immigration) + Minnesota anchors,,,,https://www.startribune.com/best-of-the-week-rise-up-o-men-the-lady-and-the-trump-guided-by-voices-minnesota-renaissance-festival-more/391345791/,,Politics;ICE/Immigration;Minnesota
startribune.com,Sitemap-only URL filter: Somali + (Fraud/FeedingOurFuture OR ICE/Immigration) + Minnesota anchors,,,,https://www.startribune.com/a-welcome-somali-voice-at-the-minnesota-state-capitol/390042561/,,Somali;ICE/Immigration;Minnesota
startribune.com,Sitemap-only URL filter: Somali + (Fraud/FeedingOurFuture OR ICE/Immigration) + Minnesota anchors,,,,https://www.startribune.com/readers-write-aug-10-twin-cities-traffic-congestion-minneapolis-police-personal-care-attendants-and-unions-gmos-terrace-theatre-clinton-trump-and-integrity/389668541/,,Politics;ICE/Immigration;Minnesota
startribune.com,Sitemap-only URL filter: Somali + (Fraud/FeedingOurFuture OR ICE/Immigration) + Minnesota anchors,,,,https://www.startribune.com/minnesota-nonprofit-matter-sends-a-hospital-of-supplies-to-somalia/383054861/,,Somali;Fraud/SocialPrograms;Minnesota
startribune.com,Sitemap-only URL filter: Somali + (Fraud/FeedingOurFuture OR ICE/Immigration) + Minnesota anchors,,,,https://www.startribune.com/minnesota-s-somali-american-terrorism-trial-is-over-can-we-still-get-justice/382031441/,,Somali;ICE/Immigration;Minnesota
startribune.com,Sitemap-only URL filter: Somali + (Fraud/FeedingOurFuture OR ICE/Immigration) + Minnesota anchors,,,,https://www.startribune.com/readers-write-jan-28-donald-trump-bernie-sanders-minnesota-poll-on-race-and-the-police-gun-violence/366775861/,,Politics;ICE/Immigration;Minnesota
startribune.com,Sitemap-only URL filter: Somali + (Fraud/FeedingOurFuture OR ICE/Immigration) + Minnesota anchors,,,,https://www.startribune.com/readers-write-dec-15-st-paul-and-donald-trump-agreeing-with-trump-justice-scalia-s-comments-on-race-mark-zuckerberg-s-charity-jamar-clark-case-dayton-appointee-school-discipline-star-wars-fanaticism/362042551/,,Politics;ICE/Immigration;Minnesota
startribune.com,Sitemap-only URL filter: Somali + (Fraud/FeedingOurFuture OR ICE/Immigration) + Minnesota anchors,,,,https://www.startribune.com/st-anthony-abdullahi-hussein-opens-first-somali-owned-medical-practice-in-twin-cities/330463321/,,Somali;ICE/Immigration;Minnesota
startribune.com,Sitemap-only URL filter: Somali + (Fraud/FeedingOurFuture OR ICE/Immigration) + Minnesota anchors,,,,https://www.startribune.com/minnesota-s-business-leaders-know-donald-trump-s-immigration-plan-is-bad-policy/323785741/,,Politics;ICE/Immigration;Minnesota
startribune.com,Sitemap-only URL filter: Somali + (Fraud/FeedingOurFuture OR ICE/Immigration) + Minnesota anchors,,,,https://www.startribune.com/readers-write-july-21-minneapolis-police-department-pr-plus-editors-failings-on-planned-parenthood-donald-trump-polls/317643311/,,Politics;ICE/Immigration;Minnesota
startribune.com,Sitemap-only URL filter: Somali + (Fraud/FeedingOurFuture OR ICE/Immigration) + Minnesota anchors,,,,https://www.startribune.com/somali-radio-station-tool-library-get-nod-for-minneapolis-neighborhood-grants/315124771/,,Somali;Fraud/SocialPrograms;Minnesota
startribune.com,Sitemap-only URL filter: Somali + (Fraud/FeedingOurFuture OR ICE/Immigration) + Minnesota anchors,,,,https://www.startribune.com/readers-write-july-14-donald-trump-faith-in-the-police-southwest-lrt-employee-compensation-names-and-symbols-minnesota-chamber-of-commerce/314740331/,,Politics;ICE/Immigration;Minnesota
startribune.com,Sitemap-only URL filter: Somali + (Fraud/FeedingOurFuture OR ICE/Immigration) + Minnesota anchors,,,,https://www.startribune.com/minneapolis-police-s-somali-outreach-gets-national-attention/290017061/,,Somali;ICE/Immigration;Minnesota
startribune.com,Sitemap-only URL filter: Somali + (Fraud/FeedingOurFuture OR ICE/Immigration) + Minnesota anchors,,,,https://www.startribune.com/new-somali-refugee-arrivals-in-minnesota-are-increasing/281197521/,,Somali;ICE/Immigration;Minnesota
startribune.com,Sitemap-only URL filter: Somali + (Fraud/FeedingOurFuture OR ICE/Immigration) + Minnesota anchors,,,,https://www.startribune.com/twin-cities-band-taleex-raises-voices-for-somali-pride/280231692/,,Somali;ICE/Immigration;Minnesota
startribune.com,Sitemap-only URL filter: Somali + (Fraud/FeedingOurFuture OR ICE/Immigration) + Minnesota anchors,,,,https://www.startribune.com/st-paul-ymca-and-police-start-somali-girls-swim-group/232082231/,,Somali;ICE/Immigration;Minnesota
startribune.com,Sitemap-only URL filter: Somali + (Fraud/FeedingOurFuture OR ICE/Immigration) + Minnesota anchors,,,,https://www.startribune.com/feds-step-up-deportation-of-somalis-in-trouble-in-minnesota/224729142/,,Somali;ICE/Immigration;Minnesota
startribune.com,Sitemap-only URL filter: Somali + (Fraud/FeedingOurFuture OR ICE/Immigration) + Minnesota anchors,,,,https://www.startribune.com/4-more-sentenced-in-minnesota-in-somali-terror-case/207368971/,,Somali;Fraud/SocialPrograms;Minnesota
startribune.com,Sitemap-only URL filter: Somali + (Fraud/FeedingOurFuture OR ICE/Immigration) + Minnesota anchors,,,,https://www.startribune.com/cultures-immigration-beat-book-charts-somalis-path-to-minnesota/187029321/,,Somali;ICE/Immigration;Minnesota
startribune.com,Sitemap-only URL filter: Somali + (Fraud/FeedingOurFuture OR ICE/Immigration) + Minnesota anchors,,,,https://www.startribune.com/photos-show-slices-of-somali-life-in-twin-cities/182580511/,,Somali;ICE/Immigration;Minnesota
startribune.com,Sitemap-only URL filter: Somali + (Fraud/FeedingOurFuture OR ICE/Immigration) + Minnesota anchors,,,,https://www.startribune.com/unemployment-causes-more-somalis-mental-health-problems-in-london-than-minneapolis/168975146/,,Somali;Fraud/SocialPrograms;Minnesota
